"Package","LibPath","Version","Priority","Depends","Imports","LinkingTo","Suggests","Enhances","License","License_is_FOSS","License_restricts_use","OS_type","MD5sum","NeedsCompilation","Built"
"abind","C:/Users/michael.rustell/Documents/R/R-3.5.1/library","1.4-5",NA,"R (>= 1.5.0)","methods, utils",NA,NA,NA,"LGPL (>= 2)",NA,NA,NA,NA,"no","3.5.0"
"acepack","C:/Users/michael.rustell/Documents/R/R-3.5.1/library","1.4.1",NA,NA,NA,NA,"testthat",NA,"MIT + file LICENSE",NA,NA,NA,NA,"yes","3.5.1"
"akima","C:/Users/michael.rustell/Documents/R/R-3.5.1/library","0.6-2",NA,"R (>= 2.0.0)","sp",NA,NA,NA,"ACM | file LICENSE",NA,"yes",NA,NA,"yes","3.5.1"
"askpass","C:/Users/michael.rustell/Documents/R/R-3.5.1/library","1.1",NA,NA,"sys (>= 2.1)",NA,"testthat",NA,"MIT + file LICENSE",NA,NA,NA,NA,"yes","3.5.3"
"assertthat","C:/Users/michael.rustell/Documents/R/R-3.5.1/library","0.2.1",NA,NA,"tools",NA,"testthat, covr",NA,"GPL-3",NA,NA,NA,NA,"no","3.5.1"
"base","C:/Users/michael.rustell/Documents/R/R-3.5.1/library","3.5.1","base",NA,NA,NA,"methods",NA,"Part of R 3.5.1",NA,NA,NA,NA,NA,"3.5.1"
"base64enc","C:/Users/michael.rustell/Documents/R/R-3.5.1/library","0.1-3",NA,"R (>= 2.9.0)",NA,NA,NA,"png","GPL-2 | GPL-3",NA,NA,NA,NA,"yes","3.5.0"
"BH","C:/Users/michael.rustell/Documents/R/R-3.5.1/library","1.69.0-1",NA,NA,NA,NA,NA,NA,"BSL-1.0",NA,NA,NA,NA,"no","3.5.2"
"bigmemory","C:/Users/michael.rustell/Documents/R/R-3.5.1/library","4.5.33",NA,"R (>= 3.2.0),","methods, Rcpp, utils, bigmemory.sri","BH, Rcpp","knitr, testthat","biganalytics, bigtabulate","LGPL-3 | Apache License 2.0",NA,NA,NA,NA,"yes","3.5.1"
"bigmemory.sri","C:/Users/michael.rustell/Documents/R/R-3.5.1/library","0.1.3",NA,NA,"methods",NA,NA,"bigmemory, synchronicity","LGPL-3 | Apache License 2.0",NA,NA,NA,NA,"no","3.5.0"
"billboarder","C:/Users/michael.rustell/Documents/R/R-3.5.1/library","0.2.6",NA,"R (>= 3.1.0)","htmlwidgets, htmltools, magrittr, jsonlite, ggplot2, scales",NA,"RColorBrewer, shiny, testthat, knitr, rmarkdown, prettydoc",NA,"MIT + file LICENSE",NA,NA,NA,NA,"no","3.5.3"
"bindr","C:/Users/michael.rustell/Documents/R/R-3.5.1/library","0.1.1",NA,NA,NA,NA,"testthat",NA,"MIT + file LICENSE",NA,NA,NA,NA,"no","3.5.1"
"bindrcpp","C:/Users/michael.rustell/Documents/R/R-3.5.1/library","0.2.2",NA,NA,"bindr (>= 0.1.1), Rcpp (>= 0.12.16)","plogr, Rcpp","testthat",NA,"MIT + file LICENSE",NA,NA,NA,NA,"yes","3.5.1"
"bitops","C:/Users/michael.rustell/Documents/R/R-3.5.1/library","1.0-6",NA,NA,NA,NA,NA,NA,"GPL (>= 2)",NA,NA,NA,NA,"yes","3.5.0"
"bookdown","C:/Users/michael.rustell/Documents/R/R-3.5.1/library","0.10",NA,NA,"htmltools (>= 0.3.6), knitr (>= 1.16), rmarkdown (>= 1.9),
xfun (>= 0.2), tinytex, yaml (>= 2.1.14)",NA,"htmlwidgets, rstudioapi, miniUI, rsconnect (>= 0.4.3), servr
(>= 0.3), shiny, testit (>= 0.5), tufte, webshot",NA,"GPL-3",NA,NA,NA,NA,"no","3.5.3"
"bookdownplus","C:/Users/michael.rustell/Documents/R/R-3.5.1/library","1.5.7",NA,"R (>= 3.1.0)","bookdown (>= 0.3.17), xaringan, magick, knitr",NA,"",NA,"MIT + file LICENSE",NA,NA,NA,NA,"no","3.5.3"
"boot","C:/Users/michael.rustell/Documents/R/R-3.5.1/library","1.3-22","recommended","R (>= 3.0.0), graphics, stats",NA,NA,"MASS, survival",NA,"Unlimited",NA,NA,NA,NA,"no","3.5.3"
"brew","C:/Users/michael.rustell/Documents/R/R-3.5.1/library","1.0-6",NA,NA,NA,NA,NA,NA,"GPL-2",NA,NA,NA,NA,NA,"3.5.0"
"broom","C:/Users/michael.rustell/Documents/R/R-3.5.1/library","0.5.2",NA,"R (>= 3.1)","backports, dplyr, generics (>= 0.0.2), methods, nlme, purrr,
reshape2, stringr, tibble, tidyr",NA,"AER, akima, AUC, bbmle, betareg, biglm, binGroup, boot, brms,
btergm, car, caret, coda, covr, e1071, emmeans, ergm, gam (>=
1.15), gamlss, gamlss.data, gamlss.dist, geepack, ggplot2,
glmnet, gmm, Hmisc, irlba, joineRML, Kendall, knitr, ks,
Lahman, lavaan, lfe, lme4, lmodel2, lmtest, lsmeans, maps,
maptools, MASS, Matrix, mclust, mgcv, muhaz, multcomp, network,
nnet, orcutt (>= 2.2), ordinal, plm, plyr, poLCA, psych,
quantreg, rgeos, rmarkdown, robust, rsample, rstan, rstanarm,
sp, speedglm, statnet.common, survey, survival, testthat,
tseries, xergm, zoo",NA,"MIT + file LICENSE",NA,NA,NA,NA,"no","3.5.3"
"callr","C:/Users/michael.rustell/Documents/R/R-3.5.1/library","3.2.0",NA,NA,"processx (>= 3.3.0), R6, utils",NA,"cliapp, covr, crayon, pingr, ps, testthat, withr",NA,"MIT + file LICENSE",NA,NA,NA,NA,"no","3.5.3"
"caret","C:/Users/michael.rustell/Documents/R/R-3.5.1/library","6.0-84",NA,"R (>= 3.2.0), lattice (>= 0.20), ggplot2","foreach, methods, plyr, ModelMetrics (>= 1.1.0), nlme,
reshape2, stats, stats4, utils, grDevices, recipes (>= 0.1.4),
withr (>= 2.0.0)",NA,"BradleyTerry2, e1071, earth (>= 2.2-3), fastICA, gam (>=
1.15), ipred, kernlab, knitr, klaR, MASS, ellipse, mda, mgcv,
mlbench, MLmetrics, nnet, party (>= 0.9-99992), pls, pROC,
proxy, randomForest, RANN, spls, subselect, pamr, superpc,
Cubist, testthat (>= 0.9.1), rpart, dplyr",NA,"GPL (>= 2)",NA,NA,NA,NA,"yes","3.5.3"
"caTools","C:/Users/michael.rustell/Documents/R/R-3.5.1/library","1.17.1.2",NA,"R (>= 2.2.0)","bitops",NA,"MASS, rpart",NA,"GPL-3",NA,NA,NA,NA,"yes","3.5.3"
"cellranger","C:/Users/michael.rustell/Documents/R/R-3.5.1/library","1.1.0",NA,"R (>= 3.0.0)","rematch, tibble",NA,"covr, testthat (>= 1.0.0), knitr, rmarkdown",NA,"MIT + file LICENSE",NA,NA,NA,NA,"no","3.5.1"
"checkmate","C:/Users/michael.rustell/Documents/R/R-3.5.1/library","1.9.3",NA,"R (>= 3.0.0)","backports (>= 1.1.0), utils",NA,"R6, bit, fastmatch, data.table (>= 1.9.8), devtools, ggplot2,
knitr, magrittr, microbenchmark, rmarkdown, testthat (>=
0.11.0), tibble",NA,"BSD_3_clause + file LICENSE",NA,NA,NA,NA,"yes","3.5.3"
"class","C:/Users/michael.rustell/Documents/R/R-3.5.1/library","7.3-15","recommended","R (>= 3.0.0), stats, utils","MASS",NA,NA,NA,"GPL-2 | GPL-3",NA,NA,NA,NA,"yes","3.5.3"
"cli","C:/Users/michael.rustell/Documents/R/R-3.5.1/library","1.1.0",NA,"R (>= 2.10)","assertthat, crayon (>= 1.3.4), methods, utils",NA,"covr, fansi, mockery, testthat, webshot, withr",NA,"MIT + file LICENSE",NA,NA,NA,NA,"no","3.5.1"
"clipr","C:/Users/michael.rustell/Documents/R/R-3.5.1/library","0.6.0",NA,NA,"utils",NA,"covr, knitr, rmarkdown, rstudioapi (>= 0.5), testthat (>=
2.0.0)",NA,"GPL-3",NA,NA,NA,NA,"no","3.5.3"
"clisymbols","C:/Users/michael.rustell/Documents/R/R-3.5.1/library","1.2.0",NA,NA,NA,NA,"testthat",NA,"MIT + file LICENSE",NA,NA,NA,NA,"no","3.5.1"
"cloudml","C:/Users/michael.rustell/Documents/R/R-3.5.1/library","0.6.0",NA,"R (>= 3.3.0), tfruns (>= 1.3)","config, jsonlite, packrat, processx, rprojroot, rstudioapi,
tools, utils, withr, yaml",NA,"tensorflow (>= 1.4.2), keras (>= 2.1.2), knitr, testthat",NA,"Apache License 2.0",NA,NA,NA,NA,"no","3.5.3"
"clue","C:/Users/michael.rustell/Documents/R/R-3.5.1/library","0.3-57",NA,"R (>= 3.2.0)","stats, cluster, graphics, methods",NA,"e1071, lpSolve (>= 5.5.7), quadprog (>= 1.4-8), relations","RWeka, ape, cba, cclust, flexclust, flexmix, kernlab, mclust,
movMF, modeltools","GPL-2",NA,NA,NA,NA,"yes","3.5.3"
"cluster","C:/Users/michael.rustell/Documents/R/R-3.5.1/library","2.0.9","recommended","R (>= 3.3.0)","graphics, grDevices, stats, utils",NA,"MASS, Matrix",NA,"GPL (>= 2)",NA,NA,NA,NA,"yes","3.5.3"
"clv","C:/Users/michael.rustell/Documents/R/R-3.5.1/library","0.3-2.1",NA,"cluster, class",NA,NA,NA,NA,"GPL (>= 2)",NA,NA,NA,NA,"yes","3.5.1"
"codetools","C:/Users/michael.rustell/Documents/R/R-3.5.1/library","0.2-16","recommended","R (>= 2.1)",NA,NA,NA,NA,"GPL",NA,NA,NA,NA,"no","3.5.2"
"collapsibleTree","C:/Users/michael.rustell/Documents/R/R-3.5.1/library","0.1.7",NA,"R (>= 3.0.0)","htmlwidgets, data.tree, stats, methods",NA,"colorspace, RColorBrewer, dplyr, testthat, tibble","knitr, shiny","GPL (>= 3)",NA,NA,NA,NA,"no","3.5.1"
"colorspace","C:/Users/michael.rustell/Documents/R/R-3.5.1/library","1.4-1",NA,"R (>= 3.0.0), methods","graphics, grDevices, stats",NA,"datasets, utils, KernSmooth, MASS, kernlab, mvtnorm, vcd,
tcltk, shiny, shinyjs, ggplot2, dplyr, scales, grid, png, jpeg,
knitr, rmarkdown, RColorBrewer, rcartocolor, scico, viridis,
wesanderson",NA,"BSD_3_clause + file LICENSE",NA,NA,NA,NA,"yes","3.5.3"
"commonmark","C:/Users/michael.rustell/Documents/R/R-3.5.1/library","1.7",NA,NA,NA,NA,"curl, testthat, xml2",NA,"BSD_2_clause + file LICENSE",NA,NA,NA,NA,"yes","3.5.3"
"compiler","C:/Users/michael.rustell/Documents/R/R-3.5.1/library","3.5.1","base",NA,NA,NA,NA,NA,"Part of R 3.5.1",NA,NA,NA,NA,NA,"3.5.1"
"config","C:/Users/michael.rustell/Documents/R/R-3.5.1/library","0.3",NA,NA,"yaml (>= 2.1.13)",NA,"testthat, knitr",NA,"GPL-3",NA,NA,NA,NA,"no","3.5.1"
"corrplot","C:/Users/michael.rustell/Documents/R/R-3.5.1/library","0.84",NA,NA,NA,NA,"knitr, RColorBrewer, testthat",NA,"GPL",NA,NA,NA,NA,"no","3.5.1"
"corrr","C:/Users/michael.rustell/Documents/R/R-3.5.1/library","0.3.2",NA,"R (>= 3.3.0)","dplyr (>= 0.8.0), magrittr (>= 1.5), tidyr (>= 0.5.1), ggplot2
(>= 2.2.0), seriation (>= 1.2-0), lazyeval (>= 0.2.0), purrr
(>= 0.2.2), tibble (>= 2.0), ggrepel (>= 0.6.5), methods (>=
3.4.3), rlang(>= 0.2.0)",NA,"testthat (>= 1.0.2), knitr (>= 1.13), rmarkdown (>= 0.9.6),
dbplyr (>= 1.2.1), DBI, RSQLite, sparklyr (>= 0.9)",NA,"MIT + file LICENSE",NA,NA,NA,NA,"no","3.5.3"
"crayon","C:/Users/michael.rustell/Documents/R/R-3.5.1/library","1.3.4",NA,NA,"grDevices, methods, utils",NA,"mockery, rstudioapi, testthat, withr",NA,"MIT + file LICENSE",NA,NA,NA,NA,"no","3.5.1"
"crosstalk","C:/Users/michael.rustell/Documents/R/R-3.5.1/library","1.0.0",NA,NA,"htmltools (>= 0.3.5), jsonlite, lazyeval, R6, shiny (>= 0.11),
ggplot2",NA,NA,NA,"MIT + file LICENSE",NA,NA,NA,NA,"no","3.5.1"
"curl","C:/Users/michael.rustell/Documents/R/R-3.5.1/library","3.3",NA,"R (>= 3.0.0)",NA,NA,"spelling, testthat (>= 1.0.0), knitr, jsonlite, rmarkdown,
magrittr, httpuv (>= 1.4.4), webutils",NA,"MIT + file LICENSE",NA,NA,NA,NA,"yes","3.5.3"
"CVST","C:/Users/michael.rustell/Documents/R/R-3.5.1/library","0.2-2",NA,"kernlab,Matrix",NA,NA,NA,NA,"GPL (>= 2.0)",NA,NA,NA,NA,"no","3.5.1"
"data.table","C:/Users/michael.rustell/Documents/R/R-3.5.1/library","1.12.2",NA,"R (>= 3.1.0)","methods",NA,"bit64, curl, R.utils, knitr, xts, nanotime, zoo",NA,"MPL-2.0 | file LICENSE",NA,NA,NA,NA,"yes","3.5.3"
"data.tree","C:/Users/michael.rustell/Documents/R/R-3.5.1/library","0.7.8",NA,"R (>= 3.0)","R6, stringr, methods, DiagrammeR (>= 1.0.0)",NA,"Formula, graphics, testthat, knitr, rmarkdown, ape, yaml,
networkD3, jsonlite, igraph, treemap, party, partykit,
doParallel, foreach, htmlwidgets","","GPL (>= 2)",NA,NA,NA,NA,"no","3.5.1"
"datasets","C:/Users/michael.rustell/Documents/R/R-3.5.1/library","3.5.1","base",NA,NA,NA,NA,NA,"Part of R 3.5.1",NA,NA,NA,NA,NA,"3.5.1"
"DBI","C:/Users/michael.rustell/Documents/R/R-3.5.1/library","1.0.0",NA,"R (>= 3.0.0), methods",NA,NA,"blob, covr, hms, knitr, magrittr, rprojroot, rmarkdown,
RSQLite (>= 1.1-2), testthat, xml2",NA,"LGPL (>= 2)",NA,NA,NA,NA,"no","3.5.1"
"dbplyr","C:/Users/michael.rustell/Documents/R/R-3.5.1/library","1.4.0",NA,"R (>= 3.1)","assertthat (>= 0.2.0), DBI (>= 1.0.0), dplyr (>= 0.8.0), glue
(>= 1.2.0), methods, purrr (>= 0.2.5), R6 (>= 2.2.2), rlang (>=
0.2.0), tibble (>= 1.4.2), tidyselect (>= 0.2.4), utils",NA,"bit64, covr, knitr, Lahman, nycflights13, RMariaDB (>=
1.0.2), rmarkdown, RMySQL (>= 0.10.11), RPostgreSQL (>= 0.4.1),
RSQLite (>= 2.1.0), testthat (>= 2.0.0), withr (>= 2.1.2)",NA,"MIT + file LICENSE",NA,NA,NA,NA,"no","3.5.3"
"ddalpha","C:/Users/michael.rustell/Documents/R/R-3.5.1/library","1.3.9",NA,"R (>= 2.10), stats, utils, graphics, grDevices, MASS, class,
robustbase, sfsmisc, geometry","Rcpp (>= 0.11.0)","BH, Rcpp",NA,NA,"GPL-2",NA,NA,NA,NA,"yes","3.5.3"
"dendextend","C:/Users/michael.rustell/Documents/R/R-3.5.1/library","1.12.0",NA,"R (>= 3.0.0)","utils, stats, datasets, magrittr (>= 1.0.1), ggplot2, viridis",NA,"knitr, rmarkdown, testthat, seriation, colorspace, ape,
profdpm, microbenchmark, gplots, heatmaply, d3heatmap,
dynamicTreeCut, pvclust, corrplot, DendSer, MASS, cluster, fpc,
circlize (>= 0.2.5), covr","ggdendro, dendroextras, Hmisc, data.table, rpart","GPL-2 | GPL-3",NA,NA,NA,NA,"no","3.5.1"
"DEoptimR","C:/Users/michael.rustell/Documents/R/R-3.5.1/library","1.0-8",NA,NA,"stats",NA,NA,"robustbase","GPL (>= 2)",NA,NA,NA,NA,"no","3.5.0"
"desc","C:/Users/michael.rustell/Documents/R/R-3.5.1/library","1.2.0",NA,"R (>= 3.1.0)","assertthat, utils, R6, crayon, rprojroot",NA,"covr, testthat, whoami, withr",NA,"MIT + file LICENSE",NA,NA,NA,NA,"no","3.5.1"
"devtools","C:/Users/michael.rustell/Documents/R/R-3.5.1/library","2.0.2",NA,"R (>= 3.0.2)","callr, cli, digest, git2r (>= 0.23.0), httr (>= 0.4),
jsonlite, memoise (>= 1.0.0), pkgbuild (>= 1.0.2), pkgload (>=
1.0.1), rcmdcheck (>= 1.3.2), remotes (>= 2.0.2), rstudioapi
(>= 0.6.0.9000), sessioninfo, stats, tools, usethis (>= 1.4.0),
utils, withr",NA,"BiocManager, bitops, covr (>= 3.2.0), crayon, curl (>= 0.9),
evaluate, foghorn (>= 1.1.0), gmailr (> 0.7.0), knitr, lintr
(>= 0.2.1), mockery, pingr, MASS, pkgdown, Rcpp (>= 0.10.0),
rhub (>= 1.0.2), rmarkdown, roxygen2 (>= 6.1.0), rversions,
spelling (>= 1.1), testthat (>= 1.0.2), whisker",NA,"GPL (>= 2)",NA,NA,NA,NA,"no","3.5.3"
"DiagrammeR","C:/Users/michael.rustell/Documents/R/R-3.5.1/library","1.0.1",NA,"R (>= 3.2.0)","dplyr (>= 0.7.4), downloader (>= 0.4), glue (>= 1.2.0),
htmltools (>= 0.3.6), htmlwidgets (>= 1.0), igraph (>= 1.1.2),
influenceR (>= 0.1.0), magrittr (>= 1.5), purrr (>= 0.2.4),
RColorBrewer (>= 1.1-2), readr (>= 1.1.1), rlang (>= 0.2.0),
rstudioapi (>= 0.7), rgexf (>= 0.15.3), scales (>= 0.5.0),
stringr (>= 1.3.0), tibble (>= 1.4.2), tidyr (>= 0.8.0),
viridis (>= 0.5.0), visNetwork (>= 2.0.3)",NA,"covr, DiagrammeRsvg, rsvg, knitr, testthat",NA,"MIT + file LICENSE",NA,NA,NA,NA,"no","3.5.3"
"digest","C:/Users/michael.rustell/Documents/R/R-3.5.1/library","0.6.18",NA,"R (>= 3.1.0)",NA,NA,"knitr, rmarkdown",NA,"GPL (>= 2)",NA,NA,NA,NA,"yes","3.5.1"
"dimRed","C:/Users/michael.rustell/Documents/R/R-3.5.1/library","0.2.3",NA,"R (>= 3.0.0), DRR","magrittr, methods",NA,"NMF, MASS, Matrix, RANN, RSpectra, Rtsne, cccd, coRanking,
diffusionMap, energy, fastICA, ggplot2, graphics, igraph,
keras, kernlab, knitr, lle, loe, optimx, pcaL1, pcaPP,
reticulate, rgl, scales, scatterplot3d, stats, tensorflow,
testthat, tidyr, tinytex, umap, vegan",NA,"GPL-3 | file LICENSE",NA,NA,NA,NA,"yes","3.5.3"
"diptest","C:/Users/michael.rustell/Documents/R/R-3.5.1/library","0.75-7",NA,NA,NA,NA,NA,NA,"GPL (>= 2)",NA,NA,NA,NA,"yes","3.5.0"
"downloader","C:/Users/michael.rustell/Documents/R/R-3.5.1/library","0.4",NA,NA,"utils, digest",NA,"testthat",NA,"GPL-2",NA,NA,NA,NA,"no","3.5.1"
"dplyr","C:/Users/michael.rustell/Documents/R/R-3.5.1/library","0.8.0.1",NA,"R (>= 3.1.2)","assertthat (>= 0.2.0), glue (>= 1.1.1), magrittr (>= 1.5),
methods, pkgconfig (>= 2.0.1), R6 (>= 2.2.2), Rcpp (>= 1.0.0),
rlang (>= 0.3.0), tibble (>= 2.0.0), tidyselect (>= 0.2.5),
utils","BH (>= 1.58.0-1), plogr (>= 0.1.10), Rcpp (>= 1.0.0)","bit64 (>= 0.9.7), callr (>= 3.1.1), covr (>= 3.0.1), DBI (>=
0.7.14), dbplyr (>= 1.2.0), dtplyr (>= 0.0.2), ggplot2 (>=
2.2.1), hms (>= 0.4.1), knitr (>= 1.19), Lahman (>= 3.0-1),
lubridate (>= 1.7.4), MASS, mgcv (>= 1.8.23), microbenchmark
(>= 1.4.4), nycflights13 (>= 0.2.2), rmarkdown (>= 1.8), RMySQL
(>= 0.10.13), RPostgreSQL (>= 0.6.2), RSQLite (>= 2.0),
testthat (>= 2.0.0), withr (>= 2.1.1), broom (>= 0.5.1), purrr
(>= 0.3.0), readr (>= 1.3.1), crayon (>= 1.3.4)",NA,"MIT + file LICENSE",NA,NA,NA,NA,"yes","3.5.3"
"DRR","C:/Users/michael.rustell/Documents/R/R-3.5.1/library","0.0.3",NA,"kernlab, CVST, Matrix","stats, methods",NA,"knitr, rmarkdown",NA,"GPL-3 | file LICENSE",NA,NA,NA,NA,"no","3.5.1"
"DT","C:/Users/michael.rustell/Documents/R/R-3.5.1/library","0.6",NA,NA,"htmltools (>= 0.3.6), htmlwidgets (>= 1.3), magrittr,
crosstalk, promises",NA,"jsonlite (>= 0.9.16), knitr (>= 1.8), rmarkdown, shiny (>=
1.1.0)",NA,"GPL-3 | file LICENSE",NA,NA,NA,NA,"no","3.5.3"
"dtw","C:/Users/michael.rustell/Documents/R/R-3.5.1/library","1.20-1",NA,"R (>= 2.10.0), proxy","graphics, grDevices, stats, utils",NA,NA,NA,"GPL (>= 2)",NA,NA,NA,NA,"yes","3.5.1"
"dtwclust","C:/Users/michael.rustell/Documents/R/R-3.5.1/library","5.5.2",NA,"R (>= 3.2.0), methods, proxy (>= 0.4-16), dtw","parallel, stats, utils, bigmemory, clue, cluster, dplyr,
flexclust, foreach, ggplot2, ggrepel, Matrix, nloptr, RSpectra,
Rcpp, RcppParallel (>= 4.4.0), reshape2, shiny, shinyjs","Rcpp, RcppArmadillo, RcppParallel","doParallel, knitr, testthat",NA,"GPL-3",NA,NA,NA,NA,"yes","3.5.3"
"e1071","C:/Users/michael.rustell/Documents/R/R-3.5.1/library","1.7-1",NA,NA,"graphics, grDevices, class, stats, methods, utils",NA,"cluster, mlbench, nnet, randomForest, rpart, SparseM, xtable,
Matrix, MASS, slam",NA,"GPL-2",NA,NA,NA,NA,"yes","3.5.3"
"ellipsis","C:/Users/michael.rustell/Documents/R/R-3.5.1/library","0.1.0",NA,"R (>= 3.1)",NA,NA,"covr, testthat",NA,"GPL-3",NA,NA,NA,NA,"yes","3.5.3"
"evaluate","C:/Users/michael.rustell/Documents/R/R-3.5.1/library","0.13",NA,"R (>= 3.0.2)","methods",NA,"testthat, lattice, ggplot2",NA,"MIT + file LICENSE",NA,NA,NA,NA,"no","3.5.3"
"fansi","C:/Users/michael.rustell/Documents/R/R-3.5.1/library","0.4.0",NA,"R (>= 3.1.0)",NA,NA,"unitizer, knitr, rmarkdown",NA,"GPL (>= 2)",NA,NA,NA,NA,"yes","3.5.1"
"flexclust","C:/Users/michael.rustell/Documents/R/R-3.5.1/library","1.4-0",NA,"R (>= 2.14.0), graphics, grid, lattice, modeltools","methods, parallel, stats, stats4, class",NA,"ellipse, clue, cluster, seriation, skmeans",NA,"GPL-2",NA,NA,NA,NA,"yes","3.5.1"
"flexdashboard","C:/Users/michael.rustell/Documents/R/R-3.5.1/library","0.5.1.1",NA,"R (>= 3.0.2)","tools, jsonlite, htmltools, knitr (>= 1.13), htmlwidgets (>=
0.6), rmarkdown (>= 1.0), shiny (>= 0.13)",NA,"testthat",NA,"MIT + file LICENSE",NA,NA,NA,NA,"no","3.5.1"
"flexmix","C:/Users/michael.rustell/Documents/R/R-3.5.1/library","2.3-15",NA,"R (>= 2.15.0), lattice","graphics, grid, grDevices, methods, modeltools (>= 0.2-16),
nnet, stats, stats4, utils",NA,"actuar, codetools, diptest, Ecdat, ellipse, gclus, glmnet,
lme4 (>= 1.1), MASS, mgcv (>= 1.8-0), mlbench, multcomp,
mvtnorm, SuppDists, survival",NA,"GPL (>= 2)",NA,NA,NA,NA,"no","3.5.3"
"forcats","C:/Users/michael.rustell/Documents/R/R-3.5.1/library","0.4.0",NA,"R (>= 3.1)","ellipsis, magrittr, rlang, tibble",NA,"covr, ggplot2, testthat, readr, knitr, rmarkdown, dplyr",NA,"GPL-3",NA,NA,NA,NA,"no","3.5.3"
"foreach","C:/Users/michael.rustell/Documents/R/R-3.5.1/library","1.4.4",NA,"R (>= 2.5.0)","codetools, utils, iterators",NA,"randomForest","compiler, doMC, RUnit, doParallel","Apache License (== 2.0)",NA,NA,NA,NA,"no","3.5.1"
"forecast","C:/Users/michael.rustell/Documents/R/R-3.5.1/library","8.7",NA,"R (>= 3.0.2),","colorspace, fracdiff, ggplot2 (>= 2.2.1), graphics, lmtest,
magrittr, nnet, parallel, Rcpp (>= 0.11.0), stats, timeDate,
tseries, urca, zoo","Rcpp (>= 0.11.0), RcppArmadillo (>= 0.2.35)","expsmooth, uroot, knitr, rmarkdown, rticles, testthat,
methods",NA,"GPL-3",NA,NA,NA,NA,"yes","3.5.3"
"foreign","C:/Users/michael.rustell/Documents/R/R-3.5.1/library","0.8-71","recommended","R (>= 3.0.0)","methods, utils, stats",NA,NA,NA,"GPL (>= 2)",NA,NA,NA,NA,"yes","3.5.1"
"forge","C:/Users/michael.rustell/Documents/R/R-3.5.1/library","0.2.0",NA,"R (>= 3.1.2)","rlang (>= 0.3.1), magrittr",NA,"testthat, covr",NA,"Apache License (>= 2.0)",NA,NA,NA,NA,"no","3.5.3"
"formatR","C:/Users/michael.rustell/Documents/R/R-3.5.1/library","1.6",NA,"R (>= 3.0.2)",NA,NA,"codetools, shiny, testit, rmarkdown, knitr",NA,"GPL",NA,NA,NA,NA,"no","3.5.3"
"Formula","C:/Users/michael.rustell/Documents/R/R-3.5.1/library","1.2-3",NA,"R (>= 2.0.0), stats",NA,NA,NA,NA,"GPL-2 | GPL-3",NA,NA,NA,NA,"no","3.5.0"
"fpc","C:/Users/michael.rustell/Documents/R/R-3.5.1/library","2.1-11.1",NA,"R (>= 2.0)","MASS, cluster, mclust, flexmix, prabclus, class, diptest,
mvtnorm, robustbase, kernlab, trimcluster, grDevices, graphics,
methods, stats, utils",NA,"tclust, pdfCluster",NA,"GPL",NA,NA,NA,NA,"no","3.5.1"
"fracdiff","C:/Users/michael.rustell/Documents/R/R-3.5.1/library","1.4-2",NA,NA,NA,NA,"longmemo, urca",NA,"GPL (>= 2)",NA,NA,NA,NA,NA,"3.5.3"
"futile.logger","C:/Users/michael.rustell/Documents/R/R-3.5.1/library","1.4.3",NA,"R (>= 3.0.0)","utils, lambda.r (>= 1.1.0), futile.options",NA,"testthat, jsonlite",NA,"LGPL-3",NA,NA,NA,NA,"no","3.5.3"
"futile.options","C:/Users/michael.rustell/Documents/R/R-3.5.1/library","1.0.1",NA,"R (>= 2.8.0)",NA,NA,NA,NA,"LGPL-3",NA,NA,NA,NA,"no","3.5.2"
"Gasfin","C:/Users/michael.rustell/Documents/R/R-3.5.1/library","0.0.0.9000",NA,"R (>= 3.3.2)",NA,NA,"testthat",NA,"AECOM IP",NA,NA,NA,NA,NA,"3.5.1"
"gbm","C:/Users/michael.rustell/Documents/R/R-3.5.1/library","2.1.5",NA,"R (>= 2.9.0)","gridExtra, lattice, parallel, survival",NA,"knitr, pdp, RUnit, splines, viridis",NA,"GPL (>= 2) | file LICENSE",NA,NA,NA,NA,"yes","3.5.3"
"gclus","C:/Users/michael.rustell/Documents/R/R-3.5.1/library","1.3.2",NA,"R (>= 2.10), cluster",NA,NA,"knitr, rmarkdown",NA,"GPL (>= 2)",NA,NA,NA,NA,"no","3.5.3"
"gdata","C:/Users/michael.rustell/Documents/R/R-3.5.1/library","2.18.0",NA,"R (>= 2.3.0)","gtools, stats, methods, utils",NA,"RUnit",NA,"GPL-2",NA,NA,NA,NA,"no","3.5.1"
"generics","C:/Users/michael.rustell/Documents/R/R-3.5.1/library","0.0.2",NA,"R (>= 3.1)","methods",NA,"covr, pkgload, testthat, tibble",NA,"GPL-2",NA,NA,NA,NA,"no","3.5.3"
"geometry","C:/Users/michael.rustell/Documents/R/R-3.5.1/library","0.4.1",NA,"R (>= 3.0.0)","magic, Rcpp, lpSolve","Rcpp, RcppProgress","spelling, testthat, rgl, R.matlab, tripack",NA,"GPL (>= 3)",NA,NA,NA,NA,"yes","3.5.3"
"GFfatigue","C:/Users/michael.rustell/Documents/R/R-3.5.1/library","0.0.0.9010",NA,"R (>= 3.4.3)","akima,
lhs,
ggplot2,
dplyr,
tibble,
magrittr,
purrr,
forcats,
tidyr,
Rcpp","Rcpp","knitr,
rmarkdown",NA,"AECOM",NA,NA,NA,NA,NA,"3.5.1"
"ggmap","C:/Users/michael.rustell/Documents/R/R-3.5.1/library","3.0.0",NA,"R (>= 3.1.0), ggplot2 (>= 2.2.0)","RgoogleMaps, png, plyr, rjson, jpeg, digest, scales, dplyr,
bitops, grid, glue, httr, stringr, purrr, magrittr, tibble,
tidyr",NA,"MASS, hexbin, testthat",NA,"GPL-2",NA,NA,NA,NA,"no","3.5.3"
"ggplot2","C:/Users/michael.rustell/Documents/R/R-3.5.1/library","3.1.1",NA,"R (>= 3.1)","digest, grid, gtable (>= 0.1.1), lazyeval, MASS, mgcv, plyr
(>= 1.7.1), reshape2, rlang (>= 0.2.1), scales (>= 0.5.0),
stats, tibble, viridisLite, withr (>= 2.0.0)",NA,"covr, dplyr, ggplot2movies, hexbin, Hmisc, lattice, mapproj,
maps, maptools, multcomp, munsell, nlme, testthat (>= 0.11.0),
vdiffr, quantreg, knitr, rgeos, rpart, rmarkdown, sf (>=
0.3-4), svglite (>= 1.2.0.9001)","sp","GPL-2 | file LICENSE",NA,NA,NA,NA,"no","3.5.3"
"ggrepel","C:/Users/michael.rustell/Documents/R/R-3.5.1/library","0.8.1",NA,"R (>= 3.0.0), ggplot2 (>= 2.2.0)","grid, Rcpp, scales (>= 0.3.0)","Rcpp","knitr, rmarkdown, testthat, gridExtra, devtools, prettydoc",NA,"GPL-3 | file LICENSE",NA,NA,NA,NA,"yes","3.5.3"
"gh","C:/Users/michael.rustell/Documents/R/R-3.5.1/library","1.0.1",NA,NA,"ini, jsonlite, httr",NA,"covr, pingr, testthat",NA,"MIT + file LICENSE",NA,NA,NA,NA,"no","3.5.1"
"git2r","C:/Users/michael.rustell/Documents/R/R-3.5.1/library","0.25.2",NA,"R (>= 3.1)","graphics, utils",NA,"getPass",NA,"GPL-2",NA,NA,NA,NA,"yes","3.5.3"
"glmnet","C:/Users/michael.rustell/Documents/R/R-3.5.1/library","2.0-16",NA,"Matrix (>= 1.0-6), utils, foreach","methods",NA,"survival, knitr, lars",NA,"GPL-2",NA,NA,NA,NA,"yes","3.5.1"
"globals","C:/Users/michael.rustell/Documents/R/R-3.5.1/library","0.12.4",NA,"R (>= 3.1.2)","codetools",NA,NA,NA,"LGPL (>= 2.1)",NA,NA,NA,NA,"no","3.5.2"
"glue","C:/Users/michael.rustell/Documents/R/R-3.5.1/library","1.3.1",NA,"R (>= 3.1)","methods",NA,"testthat, covr, magrittr, crayon, knitr, rmarkdown, DBI,
RSQLite, R.utils, forcats, microbenchmark, rprintf, stringr,
ggplot2, dplyr, withr",NA,"MIT + file LICENSE",NA,NA,NA,NA,"yes","3.5.3"
"gower","C:/Users/michael.rustell/Documents/R/R-3.5.1/library","0.2.0",NA,NA,NA,NA,"testthat,",NA,"GPL-3",NA,NA,NA,NA,"yes","3.5.3"
"gplots","C:/Users/michael.rustell/Documents/R/R-3.5.1/library","3.0.1.1",NA,"R (>= 3.0)","gtools, gdata, stats, caTools, KernSmooth",NA,"grid, MASS",NA,"GPL-2",NA,NA,NA,NA,"no","3.5.3"
"graphics","C:/Users/michael.rustell/Documents/R/R-3.5.1/library","3.5.1","base",NA,"grDevices",NA,NA,NA,"Part of R 3.5.1",NA,NA,NA,NA,"yes","3.5.1"
"grDevices","C:/Users/michael.rustell/Documents/R/R-3.5.1/library","3.5.1","base",NA,NA,NA,"KernSmooth",NA,"Part of R 3.5.1",NA,NA,NA,NA,"yes","3.5.1"
"grid","C:/Users/michael.rustell/Documents/R/R-3.5.1/library","3.5.1","base",NA,"grDevices, utils",NA,"lattice",NA,"Part of R 3.5.1",NA,NA,NA,NA,"yes","3.5.1"
"gridExtra","C:/Users/michael.rustell/Documents/R/R-3.5.1/library","2.3",NA,NA,"gtable, grid, grDevices, graphics, utils",NA,"ggplot2, egg, lattice, knitr, testthat",NA,"GPL (>= 2)",NA,NA,NA,NA,"no","3.5.1"
"gt","C:/Users/michael.rustell/Documents/R/R-3.5.1/library","0.1.0",NA,"R (>= 3.2.0)","checkmate (>= 1.8.5), commonmark (>= 1.7), dplyr (>= 0.7.8),
ggplot2 (>= 3.1.0), glue (>= 1.3.0), htmltools (>= 0.3.6),
magrittr (>= 1.5), rlang (>= 0.3.0), scales (>= 1.0.0), sass
(>= 0.1.0), stringr (>= 1.3.1), tibble (>= 1.4.2), tidyr (>=
0.8.2), tidyselect (>= 0.2.5)",NA,"knitr, paletteer, testthat, RColorBrewer, rmarkdown, rvest,
shiny, xml2",NA,"MIT + file LICENSE",NA,NA,NA,NA,"no","3.5.1"
"gtable","C:/Users/michael.rustell/Documents/R/R-3.5.1/library","0.3.0",NA,"R (>= 3.0)","grid",NA,"covr, testthat, knitr, rmarkdown, ggplot2, profvis",NA,"GPL-2",NA,NA,NA,NA,"no","3.5.3"
"gtools","C:/Users/michael.rustell/Documents/R/R-3.5.1/library","3.8.1",NA,"methods, stats, utils",NA,NA,NA,NA,"GPL-2",NA,NA,NA,NA,"yes","3.5.0"
"h2o","C:/Users/michael.rustell/Documents/R/R-3.5.1/library","3.23.0.4611",NA,"R (>= 2.13.0), methods, stats","graphics, tools, utils, RCurl, jsonlite",NA,"ggplot2, mlbench, Matrix, slam, bit64 (>= 0.9.7), data.table
(>= 1.9.8), survival",NA,"Apache License (== 2.0)",NA,NA,NA,NA,"no","3.5.1"
"haven","C:/Users/michael.rustell/Documents/R/R-3.5.1/library","2.1.0",NA,"R (>= 3.1)","forcats (>= 0.2.0), hms, Rcpp (>= 0.11.4), readr (>= 0.1.0),
tibble","Rcpp","covr, fs, knitr, rmarkdown, testthat, pillar (>= 1.1.1), cli,
crayon",NA,"MIT + file LICENSE",NA,NA,NA,NA,"yes","3.5.3"
"hexbin","C:/Users/michael.rustell/Documents/R/R-3.5.1/library","1.27.2",NA,"R (>= 2.0.1), methods","lattice, grid, graphics, grDevices, stats, utils",NA,"marray, affy, Biobase, limma",NA,"GPL-2",NA,NA,NA,NA,"yes","3.5.1"
"highr","C:/Users/michael.rustell/Documents/R/R-3.5.1/library","0.8",NA,"R (>= 3.2.3)",NA,NA,"knitr, testit",NA,"GPL",NA,NA,NA,NA,"no","3.5.3"
"Hmisc","C:/Users/michael.rustell/Documents/R/R-3.5.1/library","4.2-0",NA,"lattice, survival (>= 2.40-1), Formula, ggplot2 (>= 2.2)","methods, latticeExtra, cluster, rpart, nnet, acepack, foreign,
gtable, grid, gridExtra, data.table, htmlTable (>= 1.11.0),
viridis, htmltools, base64enc",NA,"chron, rms, mice, tables, knitr, ff, ffbase, plotly (>=
4.5.6), rlang",NA,"GPL (>= 2)",NA,NA,NA,NA,"yes","3.5.3"
"hms","C:/Users/michael.rustell/Documents/R/R-3.5.1/library","0.4.2",NA,NA,"methods, pkgconfig, rlang",NA,"crayon, lubridate, pillar (>= 1.1.0), testthat",NA,"GPL-3",NA,NA,NA,NA,"no","3.5.1"
"hrRapola","C:/Users/michael.rustell/Documents/R/R-3.5.1/library","0.2.120",NA,NA,NA,NA,"plyr, raster, rgeos, sp, zoo, erer, tcltk, akima, nsga2R, GGally, knitr,
ggplot2, fpc, reshape2, pse, rgeos, rmarkdown, lhs, lattice,
gtools, threejs",NA,"Licensed for commercial use by HR Wallingford only.",NA,NA,NA,NA,NA,"3.5.1"
"htmltab","C:/Users/michael.rustell/Documents/R/R-3.5.1/library","0.7.1",NA,"R (>= 3.0.0)","XML (>= 3.98.1.3), httr (>= 1.0.0)",NA,"testthat, knitr, tidyr",NA,"MIT + file LICENSE",NA,NA,NA,NA,"no","3.5.1"
"htmlTable","C:/Users/michael.rustell/Documents/R/R-3.5.1/library","1.13.1",NA,NA,"stringr, knitr (>= 1.6), magrittr (>= 1.5), methods,
checkmate, htmlwidgets, htmltools, rstudioapi (>= 0.6)",NA,"testthat, XML, xtable, ztable, Hmisc, reshape, rmarkdown,
pander, chron, lubridate, tibble, tidyr (>= 0.7.2), dplyr (>=
0.7.4)",NA,"GPL (>= 3)",NA,NA,NA,NA,"no","3.5.3"
"htmltools","C:/Users/michael.rustell/Documents/R/R-3.5.1/library","0.3.6",NA,"R (>= 2.14.1)","utils, digest, Rcpp","Rcpp","markdown, testthat","knitr","GPL (>= 2)",NA,NA,NA,NA,"yes","3.5.1"
"htmlwidgets","C:/Users/michael.rustell/Documents/R/R-3.5.1/library","1.3",NA,NA,"grDevices, htmltools (>= 0.3), jsonlite (>= 0.9.16), yaml",NA,"knitr (>= 1.8)","shiny (>= 1.1)","MIT + file LICENSE",NA,NA,NA,NA,"no","3.5.1"
"httpuv","C:/Users/michael.rustell/Documents/R/R-3.5.1/library","1.5.1",NA,"R (>= 2.15.1)","Rcpp (>= 0.11.0), utils, R6, promises, later (>= 0.8.0)","Rcpp, BH, later","testthat, callr, curl",NA,"GPL (>= 2) | file LICENSE",NA,NA,NA,NA,"yes","3.5.3"
"httr","C:/Users/michael.rustell/Documents/R/R-3.5.1/library","1.4.0",NA,"R (>= 3.1)","curl (>= 0.9.1), jsonlite, mime, openssl (>= 0.8), R6",NA,"covr, httpuv, jpeg, knitr, png, readr, rmarkdown, testthat
(>= 0.8.0), xml2",NA,"MIT + file LICENSE",NA,NA,NA,NA,"no","3.5.3"
"ifultools","C:/Users/michael.rustell/Documents/R/R-3.5.1/library","2.0-5",NA,"R (>= 3.0.2)","MASS, methods, splus2R (>= 1.2-0)",NA,NA,NA,"GPL-2",NA,NA,NA,NA,"yes","3.5.3"
"igraph","C:/Users/michael.rustell/Documents/R/R-3.5.1/library","1.2.4.1",NA,"methods","graphics, grDevices, magrittr, Matrix, pkgconfig (>= 2.0.0),
stats, utils",NA,"ape, digest, graph, igraphdata, rgl, scales, stats4, tcltk,
testthat",NA,"GPL (>= 2)",NA,NA,NA,NA,"yes","3.5.3"
"influenceR","C:/Users/michael.rustell/Documents/R/R-3.5.1/library","0.1.0",NA,"R (>= 3.2.0)","igraph (>= 1.0.1), Matrix (>= 1.1-4), methods, utils",NA,"testthat",NA,"GPL-2",NA,NA,NA,NA,"yes","3.5.1"
"ini","C:/Users/michael.rustell/Documents/R/R-3.5.1/library","0.3.1",NA,NA,NA,NA,"testthat",NA,"GPL-3",NA,NA,NA,NA,"no","3.5.1"
"installr","C:/Users/michael.rustell/Documents/R/R-3.5.1/library","0.21.0",NA,"R (>= 2.14.0), stringr, utils",NA,NA,"curl, XML, htmltab, devtools, rjson, data.table, plyr,
ggplot2, sp, tools",NA,"GPL-2",NA,NA,"windows",NA,"no","3.5.1"
"interactexcel","C:/Users/michael.rustell/Documents/R/R-3.5.1/library","0.0.0.9001",NA,"R (>= 3.1)","dplyr,
stringr,
readr,
remotes",NA,NA,NA,"GPL-3",NA,NA,NA,NA,NA,"3.5.1"
"interactExcel2","C:/Users/michael.rustell/Documents/R/R-3.5.1/library","0.0.0.9000",NA,NA,NA,NA,NA,NA,"MIT + file LICENSE",NA,NA,NA,NA,NA,"3.5.1"
"ipred","C:/Users/michael.rustell/Documents/R/R-3.5.1/library","0.9-9",NA,"R (>= 2.10)","rpart (>= 3.1-8), MASS, survival, nnet, class, prodlim",NA,"mvtnorm, mlbench, TH.data",NA,"GPL (>= 2)",NA,NA,NA,NA,"yes","3.5.3"
"irlba","C:/Users/michael.rustell/Documents/R/R-3.5.1/library","2.3.3",NA,"Matrix","stats, methods","Matrix",NA,NA,"GPL-3",NA,NA,NA,NA,"yes","3.5.3"
"iterators","C:/Users/michael.rustell/Documents/R/R-3.5.1/library","1.0.10",NA,"R (>= 2.5.0), utils",NA,NA,"RUnit, foreach",NA,"Apache License (== 2.0)",NA,NA,NA,NA,"no","3.5.1"
"jpeg","C:/Users/michael.rustell/Documents/R/R-3.5.1/library","0.1-8",NA,"R (>= 2.9.0)",NA,NA,NA,NA,"GPL-2 | GPL-3",NA,NA,NA,NA,"yes","3.5.2"
"jsonlite","C:/Users/michael.rustell/Documents/R/R-3.5.1/library","1.6",NA,"methods",NA,NA,"httr, curl, plyr, testthat, knitr, rmarkdown, R.rsp, sp",NA,"MIT + file LICENSE",NA,NA,NA,NA,"yes","3.5.3"
"kaggler","C:/Users/michael.rustell/Documents/R/R-3.5.1/library","0.0.0.9000",NA,NA,"glue, httr, jsonlite, tibble",NA,NA,NA,"MIT + file LICENSE",NA,NA,NA,NA,"no","3.5.1"
"keras","C:/Users/michael.rustell/Documents/R/R-3.5.1/library","2.2.4.1",NA,"R (>= 3.2)","generics (>= 0.0.1), reticulate (>= 1.10), tensorflow (>=
1.13.1), tfruns (>= 1.0), magrittr, zeallot, methods, R6",NA,"ggplot2, testthat, knitr, rmarkdown",NA,"MIT + file LICENSE",NA,NA,NA,NA,"no","3.5.3"
"kernlab","C:/Users/michael.rustell/Documents/R/R-3.5.1/library","0.9-27",NA,"R (>= 2.10)","methods, stats, grDevices, graphics",NA,NA,NA,"GPL-2",NA,NA,NA,NA,"yes","3.5.1"
"KernSmooth","C:/Users/michael.rustell/Documents/R/R-3.5.1/library","2.23-15","recommended","R (>= 2.5.0), stats",NA,NA,"MASS",NA,"Unlimited",NA,NA,NA,NA,"yes","3.5.1"
"kknn","C:/Users/michael.rustell/Documents/R/R-3.5.1/library","1.3.1",NA,"R (>= 2.10)","igraph (>= 1.0), Matrix, stats, graphics",NA,NA,NA,"GPL (>= 2)",NA,NA,NA,NA,"yes","3.5.1"
"knitr","C:/Users/michael.rustell/Documents/R/R-3.5.1/library","1.22",NA,"R (>= 3.1.0)","evaluate (>= 0.10), highr, markdown, stringr (>= 0.6), yaml
(>= 2.1.19), methods, xfun, tools",NA,"formatR, testit, digest, rgl (>= 0.95.1201), codetools,
rmarkdown, htmlwidgets (>= 0.7), webshot, tikzDevice (>= 0.10),
tinytex, reticulate (>= 1.4), JuliaCall (>= 0.11.1), magick,
png, jpeg, gifski, xml2 (>= 1.2.0), httr, DBI (>= 0.4-1),
showtext, tibble, styler",NA,"GPL",NA,NA,NA,NA,"no","3.5.3"
"labeling","C:/Users/michael.rustell/Documents/R/R-3.5.1/library","0.3",NA,NA,NA,NA,NA,NA,"MIT + file LICENSE | Unlimited",NA,NA,NA,NA,"no","3.5.0"
"lambda.r","C:/Users/michael.rustell/Documents/R/R-3.5.1/library","1.2.3",NA,"R (>= 3.0.0)","formatR",NA,"testit",NA,"LGPL-3",NA,NA,NA,NA,"no","3.5.3"
"later","C:/Users/michael.rustell/Documents/R/R-3.5.1/library","0.8.0",NA,NA,"Rcpp (>= 0.12.9), rlang","Rcpp, BH","knitr, rmarkdown, testthat",NA,"GPL (>= 2)",NA,NA,NA,NA,"yes","3.5.3"
"lattice","C:/Users/michael.rustell/Documents/R/R-3.5.1/library","0.20-38","recommended","R (>= 3.0.0)","grid, grDevices, graphics, stats, utils",NA,"KernSmooth, MASS, latticeExtra","chron","GPL (>= 2)",NA,NA,NA,NA,"yes","3.5.1"
"latticeExtra","C:/Users/michael.rustell/Documents/R/R-3.5.1/library","0.6-28",NA,"R (>= 2.10.0), lattice, RColorBrewer","grid, stats, utils, grDevices",NA,"maps, mapproj, deldir, tripack, zoo, MASS, quantreg, mgcv",NA,"GPL (>= 2)",NA,NA,NA,NA,"no","3.5.1"
"lava","C:/Users/michael.rustell/Documents/R/R-3.5.1/library","1.6.5",NA,"R (>= 3.0)","grDevices, graphics, methods, numDeriv, stats, survival,
SQUAREM, utils",NA,"KernSmooth, Matrix, Rgraphviz, data.table, ellipse, fields,
foreach, geepack, gof (>= 0.9), graph, igraph (>= 0.6),
lava.tobit (>= 0.4.7), lme4, mets (>= 1.1), nlme, optimx,
polycor, quantreg, rgl, testthat (>= 0.11), visNetwork, zoo",NA,"GPL-3",NA,NA,NA,NA,"no","3.5.3"
"lazyeval","C:/Users/michael.rustell/Documents/R/R-3.5.1/library","0.2.2",NA,"R (>= 3.1.0)",NA,NA,"knitr, rmarkdown (>= 0.2.65), testthat, covr",NA,"GPL-3",NA,NA,NA,NA,"yes","3.5.3"
"leaflet","C:/Users/michael.rustell/Documents/R/R-3.5.1/library","2.0.2",NA,"R (>= 3.1.0)","base64enc, crosstalk, htmlwidgets, htmltools, magrittr,
markdown, methods, png, RColorBrewer, raster, scales (>=
1.0.0), sp, stats, viridis (>= 0.5.1)",NA,"knitr, maps, sf, shiny, testit (>= 0.4), rgdal, rgeos, R6,
RJSONIO, purrr, testthat",NA,"GPL-3",NA,NA,NA,NA,"no","3.5.3"
"lhs","C:/Users/michael.rustell/Documents/R/R-3.5.1/library","1.0.1",NA,"R (>= 3.4.0)","Rcpp","Rcpp","testthat, DoE.base, knitr, rmarkdown, covr",NA,"GPL-3",NA,NA,NA,NA,"yes","3.5.3"
"lime","C:/Users/michael.rustell/Documents/R/R-3.5.1/library","0.4.1",NA,NA,"glmnet, stats, ggplot2, tools, stringi, Matrix, Rcpp,
assertthat, htmlwidgets, shiny, shinythemes, methods,
grDevices, gower","Rcpp, RcppEigen","xgboost, testthat, mlr, h2o, text2vec, MASS, covr, knitr,
rmarkdown, devtools, magick, keras, ranger",NA,"MIT + file LICENSE",NA,NA,NA,NA,"yes","3.5.1"
"lmtest","C:/Users/michael.rustell/Documents/R/R-3.5.1/library","0.9-37",NA,"R (>= 3.0.0), stats, zoo","graphics",NA,"car, strucchange, sandwich, dynlm, stats4, survival, AER",NA,"GPL-2 | GPL-3",NA,NA,NA,NA,"yes","3.5.3"
"lobstr","C:/Users/michael.rustell/Documents/R/R-3.5.1/library","1.0.1",NA,"R (>= 3.1)","crayon, Rcpp, rlang (>= 0.3.0)","Rcpp","covr, pillar, pkgdown, testthat",NA,"GPL-3",NA,NA,NA,NA,"yes","3.5.2"
"locpol","C:/Users/michael.rustell/Documents/R/R-3.5.1/library","0.7-0",NA,"R (>= 2.5.0), graphics, stats",NA,NA,NA,NA,"GPL (>= 2)",NA,NA,NA,NA,"yes","3.5.0"
"longitudinalData","C:/Users/michael.rustell/Documents/R/R-3.5.1/library","2.4.1",NA,"methods,clv,class,rgl,utils,misc3d",NA,NA,NA,NA,"GPL (>= 2)",NA,NA,NA,NA,"no","3.5.1"
"lpSolve","C:/Users/michael.rustell/Documents/R/R-3.5.1/library","5.6.13",NA,NA,NA,NA,NA,NA,"LGPL-2",NA,NA,NA,NA,"yes","3.5.2"
"lubridate","C:/Users/michael.rustell/Documents/R/R-3.5.1/library","1.7.4",NA,"methods, R (>= 3.0.0)","stringr, Rcpp (>= 0.12.13),","Rcpp,","testthat, knitr, covr","chron, fts, timeSeries, timeDate, tis, tseries, xts, zoo","GPL (>= 2)",NA,NA,NA,NA,"yes","3.5.1"
"magic","C:/Users/michael.rustell/Documents/R/R-3.5.1/library","1.5-9",NA,"R (>= 2.10), abind",NA,NA,NA,NA,"GPL-2",NA,NA,NA,NA,"no","3.5.1"
"magick","C:/Users/michael.rustell/Documents/R/R-3.5.1/library","2.0",NA,NA,"Rcpp (>= 0.12.12), magrittr, curl","Rcpp","av, spelling, jsonlite, methods, knitr, rmarkdown, rsvg,
webp, pdftools, ggplot2, raster, rgdal, gapminder, IRdisplay,
tesseract (>= 2.0), gifski",NA,"MIT + file LICENSE",NA,NA,NA,NA,"yes","3.5.1"
"magrittr","C:/Users/michael.rustell/Documents/R/R-3.5.1/library","1.5",NA,NA,NA,NA,"testthat, knitr",NA,"MIT + file LICENSE",NA,NA,NA,NA,"no","3.5.1"
"manipulateWidget","C:/Users/michael.rustell/Documents/R/R-3.5.1/library","0.10.0",NA,NA,"shiny (>= 1.0.3), miniUI, htmltools, htmlwidgets, knitr,
methods, tools, base64enc, grDevices, codetools, webshot",NA,"dygraphs, leaflet, plotly, xts, rmarkdown, testthat, covr",NA,"GPL (>= 2) | file LICENSE",NA,NA,NA,NA,"no","3.5.1"
"markdown","C:/Users/michael.rustell/Documents/R/R-3.5.1/library","0.9",NA,"R (>= 2.11.1)","utils, mime (>= 0.3)",NA,"knitr, RCurl",NA,"GPL-2",NA,NA,NA,NA,"yes","3.5.3"
"MASS","C:/Users/michael.rustell/Documents/R/R-3.5.1/library","7.3-51.4","recommended","R (>= 3.1.0), grDevices, graphics, stats, utils","methods",NA,"lattice, nlme, nnet, survival",NA,"GPL-2 | GPL-3",NA,NA,NA,NA,"yes","3.5.3"
"Matrix","C:/Users/michael.rustell/Documents/R/R-3.5.1/library","1.2-17","recommended","R (>= 3.2.0)","methods, graphics, grid, stats, utils, lattice",NA,"expm, MASS","MatrixModels, graph, SparseM, sfsmisc","GPL (>= 2) | file LICENCE",NA,NA,NA,NA,"yes","3.5.3"
"mclust","C:/Users/michael.rustell/Documents/R/R-3.5.1/library","5.4.3",NA,"R (>= 3.0)","stats, utils, graphics, grDevices",NA,"knitr (>= 1.12), rmarkdown (>= 0.9), mix (>= 1.0), geometry
(>= 0.3-6), MASS",NA,"GPL (>= 2)",NA,NA,NA,NA,"yes","3.5.3"
"memoise","C:/Users/michael.rustell/Documents/R/R-3.5.1/library","1.1.0",NA,NA,"digest (>= 0.6.3)",NA,"testthat, aws.s3, httr, covr",NA,"MIT + file LICENSE",NA,NA,NA,NA,"no","3.5.1"
"methods","C:/Users/michael.rustell/Documents/R/R-3.5.1/library","3.5.1","base",NA,"utils, stats",NA,"codetools",NA,"Part of R 3.5.1",NA,NA,NA,NA,"yes","3.5.1"
"mgcv","C:/Users/michael.rustell/Documents/R/R-3.5.1/library","1.8-28","recommended","R (>= 2.14.0), nlme (>= 3.1-64)","methods, stats, graphics, Matrix, splines, utils",NA,"parallel, survival, MASS",NA,"GPL (>= 2)",NA,NA,NA,NA,"yes","3.5.3"
"mime","C:/Users/michael.rustell/Documents/R/R-3.5.1/library","0.6",NA,NA,"tools",NA,NA,NA,"GPL",NA,NA,NA,NA,"yes","3.5.1"
"miniUI","C:/Users/michael.rustell/Documents/R/R-3.5.1/library","0.1.1.1",NA,NA,"shiny (>= 0.13), htmltools (>= 0.3), utils",NA,NA,NA,"GPL-3",NA,NA,NA,NA,"no","3.5.1"
"misc3d","C:/Users/michael.rustell/Documents/R/R-3.5.1/library","0.8-4",NA,NA,NA,NA,"rgl, tkrplot, MASS",NA,"GPL",NA,NA,NA,NA,NA,"3.5.1"
"ML","C:/Users/michael.rustell/Documents/R/R-3.5.1/library","0.0.0.9000",NA,NA,NA,NA,NA,NA,"What license it uses",NA,NA,NA,NA,NA,"3.5.1"
"mlapi","C:/Users/michael.rustell/Documents/R/R-3.5.1/library","0.1.0",NA,"methods","R6 (>= 2.2.1), Matrix (>= 1.1)",NA,"knitr",NA,"MIT + file LICENSE",NA,NA,NA,NA,"no","3.5.3"
"ModelMetrics","C:/Users/michael.rustell/Documents/R/R-3.5.1/library","1.2.2",NA,"R (>= 3.2.2)","Rcpp, data.table","Rcpp","testthat",NA,"GPL (>= 2)",NA,NA,NA,NA,"yes","3.5.1"
"modelr","C:/Users/michael.rustell/Documents/R/R-3.5.1/library","0.1.4",NA,"R (>= 3.1)","broom, dplyr, magrittr, purrr (>= 0.2.2), rlang (>= 0.2.0),
tibble, tidyr (>= 0.8.0)",NA,"compiler, covr, ggplot2, testthat",NA,"GPL-3",NA,NA,NA,NA,"no","3.5.3"
"modeltools","C:/Users/michael.rustell/Documents/R/R-3.5.1/library","0.2-22",NA,"stats, stats4","methods",NA,NA,NA,"GPL-2",NA,NA,NA,NA,"no","3.5.1"
"munsell","C:/Users/michael.rustell/Documents/R/R-3.5.1/library","0.5.0",NA,NA,"colorspace, methods",NA,"ggplot2, testthat",NA,"MIT + file LICENSE",NA,NA,NA,NA,"no","3.5.1"
"mvtnorm","C:/Users/michael.rustell/Documents/R/R-3.5.1/library","1.0-10",NA,"R(>= 3.5.0)","stats, methods",NA,NA,NA,"GPL-2",NA,NA,NA,NA,"yes","3.5.2"
"nlme","C:/Users/michael.rustell/Documents/R/R-3.5.1/library","3.1-140","recommended","R (>= 3.4.0)","graphics, stats, utils, lattice",NA,"Hmisc, MASS",NA,"GPL (>= 2) | file LICENCE",NA,NA,NA,NA,"yes","3.5.1"
"nloptr","C:/Users/michael.rustell/Documents/R/R-3.5.1/library","1.2.1",NA,NA,NA,NA,"testthat (>= 0.8.1), knitr, rmarkdown, inline (>= 0.3.14)",NA,"LGPL-3",NA,NA,NA,NA,"yes","3.5.1"
"nnet","C:/Users/michael.rustell/Documents/R/R-3.5.1/library","7.3-12","recommended","R (>= 2.14.0), stats, utils",NA,NA,"MASS",NA,"GPL-2 | GPL-3",NA,NA,NA,NA,"yes","3.5.1"
"numDeriv","C:/Users/michael.rustell/Documents/R/R-3.5.1/library","2016.8-1",NA,"R (>= 2.11.1)",NA,NA,NA,NA,"GPL-2",NA,NA,NA,NA,"no","3.5.0"
"openssl","C:/Users/michael.rustell/Documents/R/R-3.5.1/library","1.3",NA,NA,"askpass",NA,"testthat, digest, knitr, rmarkdown, jsonlite, jose",NA,"MIT + file LICENSE",NA,NA,NA,NA,"yes","3.5.3"
"packrat","C:/Users/michael.rustell/Documents/R/R-3.5.1/library","0.5.0",NA,"R (>= 3.0.0)","tools, utils",NA,"testthat (>= 0.7), devtools, httr, knitr, rmarkdown",NA,"GPL-2",NA,NA,NA,NA,"no","3.5.1"
"padr","C:/Users/michael.rustell/Documents/R/R-3.5.1/library","0.4.2",NA,"R (>= 3.0.0)","Rcpp, dplyr (>= 0.6.0), lubridate, rlang","Rcpp","ggplot2, testthat, knitr, rmarkdown, lazyeval, tidyr,
data.table, lintr",NA,"MIT + file LICENSE",NA,NA,NA,NA,"yes","3.5.3"
"pagedown","C:/Users/michael.rustell/Documents/R/R-3.5.1/library","0.2.2",NA,NA,"rmarkdown (>= 1.11), bookdown (>= 0.8), htmltools, jsonlite,
later, processx, servr (>= 0.13), httpuv, xfun",NA,"testit, xaringan",NA,"MIT + file LICENSE",NA,NA,NA,NA,"no","3.5.1"
"parallel","C:/Users/michael.rustell/Documents/R/R-3.5.1/library","3.5.1","base",NA,"tools, compiler",NA,"methods","snow, nws, Rmpi","Part of R 3.5.1",NA,NA,NA,NA,"yes","3.5.1"
"parsnip","C:/Users/michael.rustell/Documents/R/R-3.5.1/library","0.0.2",NA,"R (>= 2.10)","dplyr, rlang (>= 0.3.1), purrr, utils, tibble, generics, glue,
magrittr, stats, tidyr, globals",NA,"testthat, knitr, rmarkdown, survival, keras, xgboost, covr,
C50, sparklyr, earth, glmnet, kernlab, kknn, randomForest,
ranger, rpart, MASS, nlme",NA,"GPL-2",NA,NA,NA,NA,"no","3.5.1"
"pdc","C:/Users/michael.rustell/Documents/R/R-3.5.1/library","1.0.3",NA,NA,"stats, utils, grDevices, graphics",NA,"plotrix, lattice",NA,"GPL (>= 3)",NA,NA,NA,NA,"yes","3.5.1"
"PerformanceAnalytics","C:/Users/michael.rustell/Documents/R/R-3.5.1/library","1.5.2",NA,"R (>= 3.0.0), xts (>= 0.10.0)","methods, quadprog, zoo",NA,"dygraphs, Hmisc, MASS, quantmod, gamlss, gamlss.dist,
robustbase, quantreg, gplots, testthat",NA,"GPL-2 | GPL-3",NA,NA,NA,NA,"yes","3.5.3"
"pillar","C:/Users/michael.rustell/Documents/R/R-3.5.1/library","1.4.0",NA,NA,"cli (>= 1.1.0), crayon (>= 1.3.4), fansi (>= 0.4.0), methods,
rlang (>= 0.3.4), utf8 (>= 1.1.4), vctrs (>= 0.1.0)",NA,"knitr (>= 1.22), lubridate (>= 1.7.4), testthat (>= 2.1.1),
withr (>= 2.1.2)",NA,"GPL-3",NA,NA,NA,NA,"no","3.5.1"
"pkgbuild","C:/Users/michael.rustell/Documents/R/R-3.5.1/library","1.0.3",NA,"R (>= 3.1)","callr (>= 2.0.0), cli, crayon, desc, prettyunits, R6,
rprojroot, withr (>= 2.1.2)",NA,"Rcpp, testthat, covr",NA,"GPL-3",NA,NA,NA,NA,"no","3.5.3"
"pkgconfig","C:/Users/michael.rustell/Documents/R/R-3.5.1/library","2.0.2",NA,NA,"utils",NA,"covr, testthat, disposables (>= 1.0.3)",NA,"MIT + file LICENSE",NA,NA,NA,NA,"no","3.5.1"
"pkgload","C:/Users/michael.rustell/Documents/R/R-3.5.1/library","1.0.2",NA,NA,"desc, methods, pkgbuild, rlang, rprojroot, rstudioapi, utils,
withr",NA,"bitops, covr, Rcpp, testthat",NA,"GPL-3",NA,NA,NA,NA,"yes","3.5.1"
"PKI","C:/Users/michael.rustell/Documents/R/R-3.5.1/library","0.1-5.1",NA,"R (>= 2.9.0), base64enc",NA,NA,NA,"gmp","GPL-2 | GPL-3 | file LICENSE",NA,NA,NA,NA,"yes","3.5.2"
"plogr","C:/Users/michael.rustell/Documents/R/R-3.5.1/library","0.2.0",NA,NA,NA,NA,"Rcpp",NA,"MIT + file LICENSE",NA,NA,NA,NA,"no","3.5.1"
"plotly","C:/Users/michael.rustell/Documents/R/R-3.5.1/library","4.9.0",NA,"R (>= 3.2.0), ggplot2 (>= 3.0.0)","tools, scales, httr, jsonlite (>= 1.6), magrittr, digest,
viridisLite, base64enc, htmltools (>= 0.3.6), htmlwidgets (>=
1.3), tidyr, hexbin, RColorBrewer, dplyr, tibble, lazyeval (>=
0.2.0), rlang, crosstalk, purrr, data.table, promises",NA,"MASS, maps, ggthemes, GGally, testthat, knitr, devtools,
shiny (>= 1.1.0), shinytest (>= 1.3.0), curl, rmarkdown,
vdiffr, Cairo, broom, webshot, listviewer, dendextend, sf,
maptools, rgeos, png, IRdisplay, processx, plotlyGeoAssets,
forcats",NA,"MIT + file LICENSE",NA,NA,NA,NA,"no","3.5.3"
"plotrix","C:/Users/michael.rustell/Documents/R/R-3.5.1/library","3.7-5",NA,NA,"grDevices, graphics, stats, utils",NA,NA,NA,"GPL (>= 2)",NA,NA,NA,NA,"no","3.5.3"
"pls","C:/Users/michael.rustell/Documents/R/R-3.5.1/library","2.7-1",NA,"R (>= 2.10)","grDevices, graphics, methods, stats",NA,"MASS, parallel, Rmpi, testthat, RUnit",NA,"GPL-2",NA,NA,NA,NA,"no","3.5.3"
"plyr","C:/Users/michael.rustell/Documents/R/R-3.5.1/library","1.8.4",NA,"R (>= 3.1.0)","Rcpp (>= 0.11.0)","Rcpp","abind, testthat, tcltk, foreach, doParallel, itertools,
iterators, covr",NA,"MIT + file LICENSE",NA,NA,NA,NA,"yes","3.5.1"
"png","C:/Users/michael.rustell/Documents/R/R-3.5.1/library","0.1-7",NA,"R (>= 2.9.0)",NA,NA,NA,NA,"GPL-2 | GPL-3",NA,NA,NA,NA,"yes","3.5.0"
"prabclus","C:/Users/michael.rustell/Documents/R/R-3.5.1/library","2.2-7",NA,"R (>= 2.10), MASS, mclust",NA,NA,"spdep, maptools, foreign, mvtnorm",NA,"GPL",NA,NA,NA,NA,"no","3.5.3"
"prettyunits","C:/Users/michael.rustell/Documents/R/R-3.5.1/library","1.0.2",NA,NA,"magrittr, assertthat, methods",NA,"testthat",NA,"MIT + file LICENSE",NA,NA,NA,NA,"no","3.5.1"
"pROC","C:/Users/michael.rustell/Documents/R/R-3.5.1/library","1.14.0",NA,"R (>= 2.14)","methods, plyr, Rcpp (>= 0.11.1)","Rcpp","microbenchmark, tcltk, MASS, logcondens, doParallel,
testthat, vdiffr, ggplot2",NA,"GPL (>= 3)",NA,NA,NA,NA,"yes","3.5.3"
"prodlim","C:/Users/michael.rustell/Documents/R/R-3.5.1/library","2018.04.18",NA,"R (>= 2.9.0)","Rcpp (>= 0.11.5), stats, graphics, survival, KernSmooth, lava","Rcpp",NA,NA,"GPL (>= 2)",NA,NA,NA,NA,"yes","3.5.1"
"profvis","C:/Users/michael.rustell/Documents/R/R-3.5.1/library","0.3.5",NA,"R (>= 3.0)","htmlwidgets (>= 0.3.2), stringr",NA,"knitr, ggplot2, rmarkdown, testthat, devtools",NA,"GPL-3 | file LICENSE",NA,NA,NA,NA,"yes","3.5.1"
"progress","C:/Users/michael.rustell/Documents/R/R-3.5.1/library","1.2.0",NA,NA,"hms, prettyunits, R6, crayon",NA,"Rcpp, testthat, withr",NA,"MIT + file LICENSE",NA,NA,NA,NA,"no","3.5.3"
"promises","C:/Users/michael.rustell/Documents/R/R-3.5.1/library","1.0.1",NA,NA,"R6, Rcpp, later, rlang, stats, magrittr","later, Rcpp","testthat, future, knitr, rmarkdown",NA,"MIT + file LICENSE",NA,NA,NA,NA,"yes","3.5.1"
"proxy","C:/Users/michael.rustell/Documents/R/R-3.5.1/library","0.4-23",NA,"R (>= 3.4.0)","stats, utils",NA,"cba",NA,"GPL-2",NA,NA,NA,NA,"yes","3.5.3"
"pryr","C:/Users/michael.rustell/Documents/R/R-3.5.1/library","0.1.4",NA,"R (>= 3.1.0)","stringr, codetools, methods, Rcpp (>= 0.11.0)","Rcpp","testthat (>= 0.8.0)",NA,"GPL-2",NA,NA,NA,NA,"yes","3.5.1"
"ps","C:/Users/michael.rustell/Documents/R/R-3.5.1/library","1.3.0",NA,"R (>= 3.1)","utils",NA,"callr, covr, curl, pingr, processx (>= 3.1.0), R6, rlang,
testthat, tibble",NA,"BSD_3_clause + file LICENSE",NA,NA,NA,NA,"yes","3.5.3"
"pse","C:/Users/michael.rustell/Documents/R/R-3.5.1/library","0.4.7",NA,"R (>= 3.0.1), Hmisc","utils, graphics, stats, boot, parallel",NA,"sensitivity, mcmc",NA,"GPL-3",NA,NA,NA,NA,"yes","3.5.1"
"purrr","C:/Users/michael.rustell/Documents/R/R-3.5.1/library","0.3.2",NA,"R (>= 3.1)","magrittr (>= 1.5), rlang (>= 0.3.1)",NA,"covr, crayon, dplyr (>= 0.7.8), knitr, rmarkdown, testthat,
tibble, tidyselect",NA,"GPL-3 | file LICENSE",NA,NA,NA,NA,"yes","3.5.3"
"qap","C:/Users/michael.rustell/Documents/R/R-3.5.1/library","0.1-1",NA,NA,NA,NA,"testthat",NA,"GPL-3",NA,NA,NA,NA,"yes","3.5.1"
"quadprog","C:/Users/michael.rustell/Documents/R/R-3.5.1/library","1.5-7",NA,"R (>= 3.1.0)",NA,NA,NA,NA,"GPL (>= 2)",NA,NA,NA,NA,"yes","3.5.3"
"Quandl","C:/Users/michael.rustell/Documents/R/R-3.5.1/library","2.9.1",NA,"R (>= 2.15.0), xts","httr (>= 0.6.1), zoo, jsonlite (>= 0.9.14)",NA,"testthat (>= 0.10.0), roxygen2, timeSeries",NA,"MIT + file LICENSE",NA,NA,NA,NA,"no","3.5.3"
"quantmod","C:/Users/michael.rustell/Documents/R/R-3.5.1/library","0.4-14",NA,"R (>= 3.2.0), xts(>= 0.9-0), zoo, TTR(>= 0.2), methods","curl",NA,"DBI,RMySQL,RSQLite,timeSeries,XML,downloader,jsonlite(>= 1.1)",NA,"GPL-3",NA,NA,NA,NA,"no","3.5.3"
"r2d3","C:/Users/michael.rustell/Documents/R/R-3.5.1/library","0.2.3",NA,"R (>= 3.1.2)","htmlwidgets (>= 1.2), htmltools, jsonlite, rstudioapi",NA,"knitr, rmarkdown, shiny, shinytest, testthat, webshot",NA,"BSD_3_clause + file LICENSE",NA,NA,NA,NA,"no","3.5.3"
"R6","C:/Users/michael.rustell/Documents/R/R-3.5.1/library","2.4.0",NA,"R (>= 3.0)",NA,NA,"knitr, microbenchmark, pryr, testthat, ggplot2, scales",NA,"MIT + file LICENSE",NA,NA,NA,NA,"no","3.5.3"
"randomForest","C:/Users/michael.rustell/Documents/R/R-3.5.1/library","4.6-14",NA,"R (>= 3.2.2), stats",NA,NA,"RColorBrewer, MASS",NA,"GPL (>= 2)",NA,NA,NA,NA,"yes","3.5.1"
"ranger","C:/Users/michael.rustell/Documents/R/R-3.5.1/library","0.11.2",NA,"R (>= 3.1)","Rcpp (>= 0.11.2), Matrix","Rcpp, RcppEigen","survival, testthat",NA,"GPL-3",NA,NA,NA,NA,"yes","3.5.3"
"rappdirs","C:/Users/michael.rustell/Documents/R/R-3.5.1/library","0.3.1",NA,"R (>= 2.14), methods",NA,NA,"testthat, roxygen2",NA,"MIT + file LICENSE",NA,NA,NA,NA,"yes","3.5.1"
"raster","C:/Users/michael.rustell/Documents/R/R-3.5.1/library","2.8-19",NA,"sp (>= 1.2-0), R (>= 3.0.0)","Rcpp, methods","Rcpp","rgdal (>= 0.9-1), rgeos (>= 0.3-8), ncdf4, igraph, tcltk,
parallel, rasterVis, MASS, sf, testthat",NA,"GPL (>= 3)",NA,NA,NA,NA,"yes","3.5.3"
"rcmdcheck","C:/Users/michael.rustell/Documents/R/R-3.5.1/library","1.3.3",NA,NA,"callr (>= 3.1.1.9000), cli (>= 1.1.0), crayon, desc (>=
1.2.0), digest, pkgbuild, prettyunits, R6, rprojroot,
sessioninfo (>= 1.1.1), utils, withr, xopen",NA,"covr, knitr, mockery, rmarkdown, testthat",NA,"MIT + file LICENSE",NA,NA,NA,NA,"no","3.5.3"
"RColorBrewer","C:/Users/michael.rustell/Documents/R/R-3.5.1/library","1.1-2",NA,"R (>= 2.0.0)",NA,NA,NA,NA,"Apache License 2.0",NA,NA,NA,NA,"no","3.5.0"
"Rcpp","C:/Users/michael.rustell/Documents/R/R-3.5.1/library","1.0.1",NA,"R (>= 3.0.0)","methods, utils",NA,"RUnit, inline, rbenchmark, knitr, rmarkdown, pinp, pkgKitten
(>= 0.1.2)",NA,"GPL (>= 2)",NA,NA,NA,NA,"yes","3.5.3"
"RcppArmadillo","C:/Users/michael.rustell/Documents/R/R-3.5.1/library","0.9.400.3.0",NA,"R (>= 3.3.0)","Rcpp (>= 0.11.0), stats, utils, methods","Rcpp","RUnit, Matrix, pkgKitten, reticulate, rmarkdown, knitr, pinp,
slam",NA,"GPL (>= 2)",NA,NA,NA,NA,"yes","3.5.1"
"RcppEigen","C:/Users/michael.rustell/Documents/R/R-3.5.1/library","0.3.3.5.0",NA,"R (>= 2.15.1)","Matrix (>= 1.1-0), Rcpp (>= 0.11.0), stats, utils","Rcpp","inline, RUnit, pkgKitten, microbenchmark",NA,"GPL (>= 2) | file LICENSE",NA,NA,NA,NA,"yes","3.5.3"
"RcppParallel","C:/Users/michael.rustell/Documents/R/R-3.5.1/library","4.4.2",NA,"R (>= 3.0.2)",NA,NA,"Rcpp, RUnit, knitr, rmarkdown",NA,"GPL-2",NA,NA,NA,NA,"yes","3.5.3"
"RcppProgress","C:/Users/michael.rustell/Documents/R/R-3.5.1/library","0.4.1",NA,NA,NA,NA,"RcppArmadillo, devtools, roxygen2, testthat",NA,"GPL (>= 3)",NA,NA,NA,NA,"no","3.5.3"
"RcppRoll","C:/Users/michael.rustell/Documents/R/R-3.5.1/library","0.3.0",NA,"R (>= 2.15.1)","Rcpp","Rcpp","zoo, testthat",NA,"GPL (>= 2)",NA,NA,NA,NA,"yes","3.5.1"
"RCurl","C:/Users/michael.rustell/Documents/R/R-3.5.1/library","1.95-4.12",NA,"R (>= 3.0.0), methods, bitops",NA,NA,"Rcompression, XML",NA,"BSD",NA,NA,NA,NA,"yes","3.5.2"
"RDCOMClient","C:/Users/michael.rustell/Documents/R/R-3.5.1/library","0.94-0",NA,NA,NA,NA,NA,NA,"GPL2",NA,NA,NA,NA,"yes","3.5.1"
"readr","C:/Users/michael.rustell/Documents/R/R-3.5.1/library","1.3.1",NA,"R (>= 3.1)","Rcpp (>= 0.12.0.5), tibble, hms (>= 0.4.1), R6, clipr, crayon,
methods","Rcpp, BH","curl, testthat, knitr, rmarkdown, stringi, covr, spelling",NA,"GPL (>= 2) | file LICENSE",NA,NA,NA,NA,"yes","3.5.3"
"readxl","C:/Users/michael.rustell/Documents/R/R-3.5.1/library","1.3.1",NA,NA,"cellranger, Rcpp (>= 0.12.18), tibble (>= 1.3.1), utils","progress, Rcpp","covr, knitr, rmarkdown, rprojroot (>= 1.1), testthat",NA,"GPL-3",NA,NA,NA,NA,"yes","3.5.3"
"recipes","C:/Users/michael.rustell/Documents/R/R-3.5.1/library","0.1.5",NA,"R (>= 3.1), dplyr","generics, glue, gower, ipred, lubridate, magrittr, Matrix,
purrr (>= 0.2.3), RcppRoll, rlang (>= 0.3.0.1), stats, tibble,
tidyr, tidyselect (>= 0.1.1), timeDate, utils, withr",NA,"covr, ddalpha, dimRed (>= 0.2.2), fastICA, ggplot2, igraph,
kernlab, knitr, NMF, pls, RANN, rmarkdown, rpart, rsample,
RSpectra, testthat",NA,"GPL-2",NA,NA,NA,NA,"no","3.5.3"
"registry","C:/Users/michael.rustell/Documents/R/R-3.5.1/library","0.5-1",NA,"R (>= 2.6.0)","utils",NA,NA,NA,"GPL-2",NA,NA,NA,NA,"no","3.5.2"
"rematch","C:/Users/michael.rustell/Documents/R/R-3.5.1/library","1.0.1",NA,NA,NA,NA,"covr, testthat",NA,"MIT + file LICENSE",NA,NA,NA,NA,"no","3.5.1"
"remotes","C:/Users/michael.rustell/Documents/R/R-3.5.1/library","2.0.4",NA,"R (>= 3.0.0)","methods, stats, tools, utils",NA,"brew, callr, curl, covr, git2r (>= 0.23.0), knitr, mockery,
pkgbuild (>= 1.0.1), pingr, rmarkdown, rprojroot, testthat,
withr",NA,"GPL (>= 2)",NA,NA,NA,NA,"no","3.5.3"
"reprex","C:/Users/michael.rustell/Documents/R/R-3.5.1/library","0.2.1",NA,"R (>= 3.1)","callr (>= 2.0.0), clipr (>= 0.4.0), fs, rlang, rmarkdown,
tools, utils, whisker, withr",NA,"covr, devtools, fortunes, knitr, miniUI, rprojroot,
rstudioapi, shiny, styler (>= 1.0.2), testthat (>= 2.0.0)",NA,"MIT + file LICENSE",NA,NA,NA,NA,"no","3.5.1"
"reshape2","C:/Users/michael.rustell/Documents/R/R-3.5.1/library","1.4.3",NA,"R (>= 3.1)","plyr (>= 1.8.1), Rcpp, stringr","Rcpp","covr, lattice, testthat (>= 0.8.0)",NA,"MIT + file LICENSE",NA,NA,NA,NA,"yes","3.5.1"
"reticulate","C:/Users/michael.rustell/Documents/R/R-3.5.1/library","1.12",NA,"R (>= 3.0)","utils, graphics, jsonlite, Rcpp (>= 0.12.7), Matrix","Rcpp","testthat, knitr, callr, rmarkdown",NA,"Apache License 2.0",NA,NA,NA,NA,"yes","3.5.3"
"rgdal","C:/Users/michael.rustell/Documents/R/R-3.5.1/library","1.4-3",NA,"R (>= 3.3.0), methods, sp (>= 1.1-0)","grDevices, graphics, stats, utils","sp",NA,NA,"GPL (>= 2)",NA,NA,NA,NA,"yes","3.5.3"
"rgexf","C:/Users/michael.rustell/Documents/R/R-3.5.1/library","0.15.3",NA,"XML, Rook, igraph",NA,NA,NA,NA,"GPL (>= 3)",NA,NA,NA,NA,"yes","3.5.1"
"rgl","C:/Users/michael.rustell/Documents/R/R-3.5.1/library","0.100.19",NA,"R (>= 3.2.0)","graphics, grDevices, stats, utils, htmlwidgets, htmltools,
knitr, jsonlite (>= 0.9.20), shiny, magrittr, crosstalk,
manipulateWidget (>= 0.9.0)",NA,"MASS, rmarkdown, deldir, orientlib, lattice, misc3d,
rstudioapi, magick, plotrix (>= 3.7-3), tripack, interp,
alphashape3d",NA,"GPL",NA,NA,NA,NA,"yes","3.5.3"
"RgoogleMaps","C:/Users/michael.rustell/Documents/R/R-3.5.1/library","1.4.3",NA,"R (>= 2.10)","graphics, stats, utils, grDevices, methods, png",NA,"PBSmapping, maptools, sp, loa, RColorBrewer, leaflet",NA,"GPL",NA,NA,NA,NA,"no","3.5.3"
"rJava","C:/Users/michael.rustell/Documents/R/R-3.5.1/library","0.9-11",NA,"R (>= 2.5.0), methods",NA,NA,NA,NA,"GPL-2",NA,NA,NA,NA,"yes","3.5.3"
"rjson","C:/Users/michael.rustell/Documents/R/R-3.5.1/library","0.2.20",NA,"R (>= 3.1.0)",NA,NA,NA,NA,"GPL-2",NA,NA,NA,NA,"yes","3.5.2"
"RJSONIO","C:/Users/michael.rustell/Documents/R/R-3.5.1/library","1.3-1.1",NA,NA,"methods",NA,NA,NA,"BSD_3_clause + file LICENSE",NA,NA,NA,NA,"yes","3.5.2"
"rlang","C:/Users/michael.rustell/Documents/R/R-3.5.1/library","0.3.4",NA,"R (>= 3.1.0)",NA,NA,"covr, crayon, magrittr, methods, pillar, rmarkdown, testthat
(>= 2.0.0)",NA,"GPL-3",NA,NA,NA,NA,"yes","3.5.3"
"rmarkdown","C:/Users/michael.rustell/Documents/R/R-3.5.1/library","1.12",NA,"R (>= 3.0)","tools, utils, knitr (>= 1.22), yaml (>= 2.1.19), htmltools (>=
0.3.5), evaluate (>= 0.13), base64enc, jsonlite, mime, tinytex
(>= 0.11), methods, stringr (>= 1.2.0)",NA,"shiny (>= 0.11), tufte, testthat, digest, dygraphs, tibble,
fs, callr (>= 2.0.0)",NA,"GPL-3",NA,NA,NA,NA,"no","3.5.3"
"robustbase","C:/Users/michael.rustell/Documents/R/R-3.5.1/library","0.93-5",NA,"R (>= 3.1.0)","stats, graphics, utils, methods, DEoptimR",NA,"grid, MASS, lattice, boot, cluster, Matrix, robust,
fit.models, MPV, xtable, ggplot2, GGally, RColorBrewer,
reshape2, sfsmisc, catdata, doParallel, foreach, skewt",NA,"GPL (>= 2)",NA,NA,NA,NA,"yes","3.5.1"
"Rook","C:/Users/michael.rustell/Documents/R/R-3.5.1/library","1.1-1",NA,"R (>= 2.13.0)","utils, tools, methods, brew",NA,NA,NA,"GPL-2",NA,NA,NA,NA,"yes","3.5.0"
"roxygen2","C:/Users/michael.rustell/Documents/R/R-3.5.1/library","6.1.1",NA,"R (>= 3.1)","brew, commonmark, desc (>= 1.2.0), digest, methods, pkgload
(>= 1.0.2), purrr, R6 (>= 2.1.2), Rcpp (>= 0.11.0), stringi,
stringr (>= 1.0.0), utils, xml2","Rcpp","covr, devtools, knitr, rmarkdown, testthat (>= 0.8.0)",NA,"GPL (>= 2)",NA,NA,NA,NA,"yes","3.5.3"
"rpart","C:/Users/michael.rustell/Documents/R/R-3.5.1/library","4.1-15","recommended","R (>= 2.15.0), graphics, stats, grDevices",NA,NA,"survival",NA,"GPL-2 | GPL-3",NA,NA,NA,NA,"yes","3.5.3"
"rprojroot","C:/Users/michael.rustell/Documents/R/R-3.5.1/library","1.3-2",NA,"R (>= 3.0.0)","backports",NA,"testthat, mockr, knitr, withr, rmarkdown",NA,"GPL-3",NA,NA,NA,NA,"no","3.5.1"
"rsample","C:/Users/michael.rustell/Documents/R/R-3.5.1/library","0.0.4",NA,"R (>= 3.1), tidyr","dplyr, purrr, tibble (>= 2.0.0), rlang, methods, generics",NA,"ggplot2, testthat, rmarkdown, knitr, AmesHousing, recipes (>=
0.1.4), broom",NA,"GPL-2",NA,NA,NA,NA,"no","3.5.3"
"rsconnect","C:/Users/michael.rustell/Documents/R/R-3.5.1/library","0.8.13",NA,"R (>= 3.0.0)","openssl, RCurl, jsonlite, packrat (>= 0.4.8-1), yaml (>=
2.1.5), rstudioapi (>= 0.5)",NA,"knitr, testthat, rmarkdown (>= 1.1), plumber (>= 0.3.2),
reticulate, shiny, sourcetools, xtable",NA,"GPL-2",NA,NA,NA,NA,"no","3.5.2"
"RSpectra","C:/Users/michael.rustell/Documents/R/R-3.5.1/library","0.14-0",NA,"R (>= 3.0.2)","Matrix (>= 1.1-0), Rcpp (>= 0.11.5)","Rcpp, RcppEigen (>= 0.3.2.2.0)","knitr, rmarkdown, prettydoc",NA,"MPL (>= 2)",NA,NA,NA,NA,"yes","3.5.3"
"rstudioapi","C:/Users/michael.rustell/Documents/R/R-3.5.1/library","0.10",NA,NA,NA,NA,"testthat, knitr, rmarkdown",NA,"MIT + file LICENSE",NA,NA,NA,NA,"no","3.5.3"
"rticles","C:/Users/michael.rustell/Documents/R/R-3.5.1/library","0.7",NA,NA,"utils, rmarkdown, knitr, yaml, tinytex, xfun",NA,"testit, bookdown, xtable",NA,"GPL-3",NA,NA,NA,NA,"no","3.5.1"
"rvest","C:/Users/michael.rustell/Documents/R/R-3.5.1/library","0.3.3",NA,"R (>= 3.1), xml2","httr (>= 0.5), magrittr, selectr",NA,"covr, knitr, png, rmarkdown, spelling, stringi (>= 0.3.1),
testthat",NA,"GPL-3",NA,NA,NA,NA,"no","3.5.3"
"sass","C:/Users/michael.rustell/Documents/R/R-3.5.1/library","0.1.0.9000",NA,NA,"digest",NA,"testthat, knitr, rmarkdown",NA,"MIT + file LICENSE",NA,NA,NA,NA,"yes","3.5.1"
"scales","C:/Users/michael.rustell/Documents/R/R-3.5.1/library","1.0.0",NA,"R (>= 3.1)","labeling, munsell (>= 0.5), R6, RColorBrewer, Rcpp,
viridisLite","Rcpp","dichromat, bit64, covr, hms, testthat (>= 2.0)",NA,"MIT + file LICENSE",NA,NA,NA,NA,"yes","3.5.1"
"selectr","C:/Users/michael.rustell/Documents/R/R-3.5.1/library","0.4-1",NA,"R (>= 3.0)","methods, stringr, R6",NA,"testthat, XML, xml2",NA,"BSD_3_clause + file LICENCE",NA,NA,NA,NA,"no","3.5.1"
"seriation","C:/Users/michael.rustell/Documents/R/R-3.5.1/library","1.2-3",NA,"R (>= 2.14.0)","TSP, qap, grid, cluster, gclus, dendextend, colorspace, MASS,
gplots, registry, methods, stats, grDevices",NA,"biclust, testthat, DendSer, GA",NA,"GPL-3",NA,NA,NA,NA,"yes","3.5.1"
"servr","C:/Users/michael.rustell/Documents/R/R-3.5.1/library","0.13",NA,"R (>= 3.0.0)","mime (>= 0.2), httpuv (>= 1.4.0), xfun, jsonlite",NA,"tools, later, rstudioapi, knitr (>= 1.9), rmarkdown",NA,"GPL",NA,NA,NA,NA,"no","3.5.3"
"sessioninfo","C:/Users/michael.rustell/Documents/R/R-3.5.1/library","1.1.1",NA,NA,"cli, tools, utils, withr",NA,"callr, covr, mockery, testthat",NA,"GPL-2",NA,NA,NA,NA,"no","3.5.1"
"sfsmisc","C:/Users/michael.rustell/Documents/R/R-3.5.1/library","1.1-4",NA,"R (>= 3.2.0)","grDevices, methods, utils, stats",NA,"datasets, tcltk, cluster, lattice, MASS, Matrix, nlme, lokern","mgcv, rpart, nor1mix, polycor, sm, tikzDevice","GPL (>= 2)",NA,NA,NA,NA,"no","3.5.1"
"shiny","C:/Users/michael.rustell/Documents/R/R-3.5.1/library","1.3.2",NA,"R (>= 3.0.2), methods","utils, grDevices, httpuv (>= 1.5.0), mime (>= 0.3), jsonlite
(>= 0.9.16), xtable, digest, htmltools (>= 0.3.6), R6 (>= 2.0),
sourcetools, later (>= 0.7.2), promises (>= 1.0.1), tools,
crayon, rlang",NA,"datasets, Cairo (>= 1.5-5), testthat, knitr (>= 1.6),
markdown, rmarkdown, ggplot2, reactlog (>= 1.0.0), magrittr",NA,"GPL-3 | file LICENSE",NA,NA,NA,NA,"no","3.5.3"
"shinyFiles","C:/Users/michael.rustell/Documents/R/R-3.5.1/library","0.7.3",NA,NA,"htmltools, jsonlite, tools, shiny (>= 1.1.0), fs (>= 1.2.6),
tibble (>= 1.4.2)",NA,NA,NA,"GPL (>= 2)",NA,NA,NA,NA,"no","3.5.3"
"shinyjs","C:/Users/michael.rustell/Documents/R/R-3.5.1/library","1.0",NA,"R (>= 3.1.0)","digest (>= 0.6.8), htmltools (>= 0.2.9), jsonlite, shiny (>=
1.0.0)",NA,"knitr (>= 1.7), rmarkdown, shinyAce, testthat (>= 0.9.1), V8
(>= 0.6)",NA,"AGPL-3",NA,NA,NA,NA,"no","3.5.1"
"shinythemes","C:/Users/michael.rustell/Documents/R/R-3.5.1/library","1.1.2",NA,"R (>= 3.0.0)","shiny (>= 0.11)",NA,NA,NA,"GPL-3 | file LICENSE",NA,NA,NA,NA,"no","3.5.3"
"sourcetools","C:/Users/michael.rustell/Documents/R/R-3.5.1/library","0.1.7",NA,"R (>= 3.0.2)",NA,NA,"testthat",NA,"MIT + file LICENSE",NA,NA,NA,NA,"yes","3.5.1"
"sp","C:/Users/michael.rustell/Documents/R/R-3.5.1/library","1.3-1",NA,"R (>= 3.0.0), methods","utils, stats, graphics, grDevices, lattice, grid",NA,"RColorBrewer, rgdal (>= 0.8-7), rgeos (>= 0.3-13), gstat,
maptools, deldir",NA,"GPL (>= 2)",NA,NA,NA,NA,"yes","3.5.1"
"spacyr","C:/Users/michael.rustell/Documents/R/R-3.5.1/library","1.0",NA,"R (>= 3.0.0), methods","data.table, reticulate (>= 1.6)",NA,"knitr, quanteda, R.rsp, rmarkdown, spelling, testthat",NA,"GPL-3",NA,NA,NA,NA,"no","3.5.3"
"sparklyr","C:/Users/michael.rustell/Documents/R/R-3.5.1/library","1.0.0",NA,"R (>= 3.2)","assertthat, base64enc, config (>= 0.2), DBI (>= 0.6-1), dplyr
(>= 0.7.2), dbplyr (>= 1.1.0), digest, forge, generics, httr
(>= 1.2.1), jsonlite (>= 1.4), methods, openssl (>= 0.8),
purrr, r2d3, rappdirs, rlang (>= 0.1.4), rprojroot, rstudioapi
(>= 0.6), tibble, tidyr, withr, xml2, ellipsis (>= 0.1.0)",NA,"broom, ggplot2, glmnet, janeaustenr, Lahman, mlbench, nnet,
nycflights13, R6, RCurl, reshape2, shiny (>= 1.0.1), testthat",NA,"Apache License 2.0 | file LICENSE",NA,NA,NA,NA,"no","3.5.3"
"sparsepp","C:/Users/michael.rustell/Documents/R/R-3.5.1/library","1.22",NA,NA,NA,NA,"Rcpp",NA,"BSD_3_clause + file LICENSE",NA,NA,NA,NA,"no","3.5.3"
"spatial","C:/Users/michael.rustell/Documents/R/R-3.5.1/library","7.3-11","recommended","R (>= 3.0.0), graphics, stats, utils",NA,NA,"MASS",NA,"GPL-2 | GPL-3",NA,NA,NA,NA,"yes","3.5.1"
"splines","C:/Users/michael.rustell/Documents/R/R-3.5.1/library","3.5.1","base",NA,"graphics, stats",NA,"Matrix, methods",NA,"Part of R 3.5.1",NA,NA,NA,NA,"yes","3.5.1"
"splus2R","C:/Users/michael.rustell/Documents/R/R-3.5.1/library","1.2-2",NA,"R (>= 2.7.2)","methods",NA,NA,NA,"GPL-2",NA,NA,NA,NA,"yes","3.5.0"
"SQUAREM","C:/Users/michael.rustell/Documents/R/R-3.5.1/library","2017.10-1",NA,"R (>= 3.0)",NA,NA,"setRNG",NA,"GPL (>= 2)",NA,NA,NA,NA,"no","3.5.0"
"stats","C:/Users/michael.rustell/Documents/R/R-3.5.1/library","3.5.1","base",NA,"utils, grDevices, graphics",NA,"MASS, Matrix, SuppDists, methods, stats4",NA,"Part of R 3.5.1",NA,NA,NA,NA,"yes","3.5.1"
"stats4","C:/Users/michael.rustell/Documents/R/R-3.5.1/library","3.5.1","base",NA,"graphics, methods, stats",NA,NA,NA,"Part of R 3.5.1",NA,NA,NA,NA,NA,"3.5.1"
"stringdist","C:/Users/michael.rustell/Documents/R/R-3.5.1/library","0.9.5.1",NA,"R (>= 2.15.3)","parallel",NA,"testthat",NA,"GPL-3",NA,NA,NA,NA,"yes","3.5.1"
"stringi","C:/Users/michael.rustell/Documents/R/R-3.5.1/library","1.4.3",NA,"R (>= 2.14)","tools, utils, stats",NA,NA,NA,"file LICENSE","yes",NA,NA,NA,"yes","3.5.3"
"stringr","C:/Users/michael.rustell/Documents/R/R-3.5.1/library","1.4.0",NA,"R (>= 3.1)","glue (>= 1.2.0), magrittr, stringi (>= 1.1.7)",NA,"covr, htmltools, htmlwidgets, knitr, rmarkdown, testthat",NA,"GPL-2 | file LICENSE",NA,NA,NA,NA,"no","3.5.3"
"survival","C:/Users/michael.rustell/Documents/R/R-3.5.1/library","2.44-1.1","recommended","R (>= 2.13.0)","graphics, Matrix, methods, splines, stats, utils",NA,NA,NA,"LGPL (>= 2)",NA,NA,NA,NA,"yes","3.5.3"
"sys","C:/Users/michael.rustell/Documents/R/R-3.5.1/library","3.2",NA,NA,NA,NA,"unix (>= 1.4), spelling, testthat",NA,"MIT + file LICENSE",NA,NA,NA,NA,"yes","3.5.3"
"tcltk","C:/Users/michael.rustell/Documents/R/R-3.5.1/library","3.5.1","base",NA,"utils",NA,NA,NA,"Part of R 3.5.1",NA,NA,NA,NA,"yes","3.5.1"
"tensorflow","C:/Users/michael.rustell/Documents/R/R-3.5.1/library","1.13.1",NA,"R (>= 3.1)","config, jsonlite (>= 1.2), processx, reticulate (>= 1.10),
tfruns (>= 1.0), utils, yaml, rstudioapi (>= 0.7)",NA,"testthat, keras, tfestimators",NA,"Apache License 2.0",NA,NA,NA,NA,"no","3.5.3"
"testing","C:/Users/michael.rustell/Documents/R/R-3.5.1/library","0.1.0",NA,NA,"Rcpp","Rcpp",NA,NA,"What license is it under?",NA,NA,NA,NA,NA,"3.5.1"
"text2vec","C:/Users/michael.rustell/Documents/R/R-3.5.1/library","0.5.1",NA,"R (>= 3.2.0), methods","Matrix (>= 1.1), Rcpp (>= 0.11), RcppParallel (>= 4.3.14),
digest (>= 0.6.8), foreach(>= 1.4.3), data.table(>= 1.9.6),
irlba (>= 2.2.1), R6 (>= 2.1.2), futile.logger (>= 1.4.3),
stringi (>= 1.1.5), mlapi (>= 0.1.0)","Rcpp, RcppParallel, digest, sparsepp (>= 0.2.0)","doParallel, testthat, covr, knitr, rmarkdown, glmnet,
parallel, tokenizers, magrittr",NA,"GPL (>= 2) | file LICENSE",NA,NA,NA,NA,"yes","3.5.3"
"tfruns","C:/Users/michael.rustell/Documents/R/R-3.5.1/library","1.4",NA,"R (>= 3.1)","utils, jsonlite (>= 1.2), base64enc, yaml, config, magrittr,
whisker, tidyselect, rlang, rstudioapi (>= 0.7), reticulate",NA,"testthat, knitr",NA,"Apache License 2.0",NA,NA,NA,NA,"no","3.5.1"
"tibble","C:/Users/michael.rustell/Documents/R/R-3.5.1/library","2.1.1",NA,"R (>= 3.1.0)","cli (>= 1.0.1), crayon (>= 1.3.4), fansi (>= 0.4.0), methods,
pillar (>= 1.3.1), pkgconfig (>= 2.0.2), rlang (>= 0.3.1),
utils",NA,"bench (>= 1.0.1), covr (>= 3.2.1), dplyr (>= 0.7.8),
htmltools (>= 0.3.6), import (>= 1.1.0), knitr (>= 1.21), mockr
(>= 0.1), nycflights13 (>= 1.0.0), rmarkdown (>= 1.11),
testthat (>= 2.0.1), withr (>= 2.1.2)",NA,"MIT + file LICENSE",NA,NA,NA,NA,"yes","3.5.3"
"tidyquant","C:/Users/michael.rustell/Documents/R/R-3.5.1/library","0.5.6",NA,"R (>= 3.0.0), lubridate, PerformanceAnalytics, quantmod (>=
0.4-13), tidyverse","dplyr, ggplot2, httr, lazyeval, magrittr, purrr, Quandl,
stringr, tibble, tidyr, timetk, TTR, xml2, xts, rlang",NA,"alphavantager, broom, knitr, rmarkdown, testthat, tibbletime,
scales, Rblpapi, readxl",NA,"MIT + file LICENSE",NA,NA,NA,NA,"no","3.5.3"
"tidyr","C:/Users/michael.rustell/Documents/R/R-3.5.1/library","0.8.3",NA,"R (>= 3.1)","dplyr (>= 0.7.0), glue, magrittr, purrr, Rcpp, rlang, stringi,
tibble, tidyselect (>= 0.2.5), utils","Rcpp","covr, gapminder, knitr, rmarkdown, testthat",NA,"MIT + file LICENSE",NA,NA,NA,NA,"yes","3.5.3"
"tidyselect","C:/Users/michael.rustell/Documents/R/R-3.5.1/library","0.2.5",NA,"R (>= 3.1)","glue (>= 1.3.0), purrr, rlang (>= 0.2.2), Rcpp (>= 0.12.0)","Rcpp (>= 0.12.0),","covr, dplyr, testthat",NA,"GPL-3",NA,NA,NA,NA,"yes","3.5.1"
"tidyverse","C:/Users/michael.rustell/Documents/R/R-3.5.1/library","1.2.1",NA,NA,"broom (>= 0.4.2), cli (>= 1.0.0), crayon (>= 1.3.4), dplyr (>=
0.7.4), dbplyr (>= 1.1.0), forcats (>= 0.2.0), ggplot2 (>=
2.2.1), haven (>= 1.1.0), hms (>= 0.3), httr (>= 1.3.1),
jsonlite (>= 1.5), lubridate (>= 1.7.1), magrittr (>= 1.5),
modelr (>= 0.1.1), purrr (>= 0.2.4), readr (>= 1.1.1), readxl
(>= 1.0.0), reprex (>= 0.1.1), rlang (>= 0.1.4), rstudioapi (>=
0.7), rvest (>= 0.3.2), stringr (>= 1.2.0), tibble (>= 1.3.4),
tidyr (>= 0.7.2), xml2 (>= 1.1.1)",NA,"feather (>= 0.3.1), knitr (>= 1.17), rmarkdown (>= 1.7.4)",NA,"GPL-3 | file LICENSE",NA,NA,NA,NA,"no","3.5.1"
"timeDate","C:/Users/michael.rustell/Documents/R/R-3.5.1/library","3043.102",NA,"R (>= 2.15.1), graphics, utils, stats, methods",NA,NA,"date, RUnit",NA,"GPL (>= 2)",NA,NA,NA,NA,"no","3.5.1"
"timetk","C:/Users/michael.rustell/Documents/R/R-3.5.1/library","0.1.1.1",NA,"R (>= 3.3.0)","devtools (>= 1.12.0), dplyr (>= 0.7.0), forecast (>= 0.8.0),
lazyeval (>= 0.2.0), lubridate (>= 1.6.0), padr (>= 0.3.0),
purrr (>= 0.2.2), readr (>= 1.0.0), stringi (>= 1.1.5), tibble
(>= 1.2), tidyr (>= 0.6.1), xts (>= 0.9-7), zoo (>= 1.7-14)",NA,"broom, forcats, knitr, rmarkdown, robets, scales, stringr,
testthat, tidyverse, tidyquant, timeSeries, fracdiff, timeDate,
tseries",NA,"GPL (>= 3)",NA,NA,NA,NA,"no","3.5.3"
"tinytex","C:/Users/michael.rustell/Documents/R/R-3.5.1/library","0.12",NA,NA,"xfun (>= 0.5)",NA,"testit, rstudioapi",NA,"MIT + file LICENSE",NA,NA,NA,NA,"no","3.5.3"
"tools","C:/Users/michael.rustell/Documents/R/R-3.5.1/library","3.5.1","base",NA,NA,NA,"codetools, methods, xml2, curl",NA,"Part of R 3.5.1",NA,NA,NA,NA,"yes","3.5.1"
"TPG","C:/Users/michael.rustell/Documents/R/R-3.5.1/library","0.0.0.9000",NA,"R (>= 3.4.4)","tidyverse",NA,NA,NA,"What license is it under?",NA,NA,NA,NA,NA,"3.5.1"
"translations","C:/Users/michael.rustell/Documents/R/R-3.5.1/library","3.5.1",NA,NA,NA,NA,NA,NA,"Part of R 3.5.1",NA,NA,NA,NA,NA,"3.5.1"
"tree","C:/Users/michael.rustell/Documents/R/R-3.5.1/library","1.0-39",NA,"R (>= 2.15.0), grDevices, graphics, stats",NA,NA,"MASS",NA,"GPL-2 | GPL-3",NA,NA,NA,NA,"yes","3.5.1"
"trimcluster","C:/Users/michael.rustell/Documents/R/R-3.5.1/library","0.1-2.1",NA,"R (>= 1.9.0)",NA,NA,"fpc",NA,"GPL",NA,NA,NA,NA,"no","3.5.1"
"TSclust","C:/Users/michael.rustell/Documents/R/R-3.5.1/library","1.2.4",NA,"R (>= 3.0.1), wmtsa, pdc, cluster","locpol, KernSmooth, dtw, longitudinalData",NA,NA,NA,"GPL-2",NA,NA,NA,NA,"no","3.5.1"
"TSdist","C:/Users/michael.rustell/Documents/R/R-3.5.1/library","3.5",NA,"R (>= 3.0.3), proxy","zoo, xts, dtw, TSclust, KernSmooth, locpol, pdc,
longitudinalData, cluster, methods, graphics, stats",NA,"testthat",NA,"GPL (>= 2)",NA,NA,NA,NA,"yes","3.5.3"
"tseries","C:/Users/michael.rustell/Documents/R/R-3.5.1/library","0.10-46",NA,"R (>= 2.10.0)","graphics, stats, utils, quadprog, zoo, quantmod (>= 0.4-9)",NA,NA,NA,"GPL-2",NA,NA,NA,NA,"yes","3.5.3"
"TSP","C:/Users/michael.rustell/Documents/R/R-3.5.1/library","1.1-6",NA,"R (>= 2.14.0)","graphics, foreach, utils, methods, stats, grDevices",NA,"maps, sp, maptools, testthat",NA,"GPL-3",NA,NA,NA,NA,"yes","3.5.1"
"TTR","C:/Users/michael.rustell/Documents/R/R-3.5.1/library","0.23-4",NA,NA,"xts (>= 0.10-0), zoo, curl","xts","RUnit","quantmod","GPL-2",NA,NA,NA,NA,"yes","3.5.3"
"urca","C:/Users/michael.rustell/Documents/R/R-3.5.1/library","1.3-0",NA,"R (>= 2.0.0), methods","nlme, graphics, stats",NA,NA,NA,"GPL (>= 2)",NA,NA,NA,NA,"yes","3.5.3"
"usethis","C:/Users/michael.rustell/Documents/R/R-3.5.1/library","1.5.0",NA,"R (>= 3.1)","clipr (>= 0.3.0), clisymbols, crayon, curl (>= 2.7), desc, fs
(>= 1.2.0), gh, git2r (>= 0.23), glue (>= 1.2.0), purrr, rlang,
rprojroot (>= 1.2), rstudioapi, stats, utils, whisker, withr,
yaml",NA,"covr, knitr, magick, pkgdown (>= 1.1.0), rmarkdown, roxygen2,
spelling (>= 1.2), styler (>= 1.0.2), testthat (>= 2.0.0)",NA,"GPL-3",NA,NA,NA,NA,"no","3.5.3"
"utf8","C:/Users/michael.rustell/Documents/R/R-3.5.1/library","1.1.4",NA,"R (>= 2.10)",NA,NA,"knitr, rmarkdown, testthat",NA,"Apache License (== 2.0) | file LICENSE",NA,NA,NA,NA,"yes","3.5.1"
"utils","C:/Users/michael.rustell/Documents/R/R-3.5.1/library","3.5.1","base",NA,NA,NA,"methods, xml2, commonmark",NA,"Part of R 3.5.1",NA,NA,NA,NA,"yes","3.5.1"
"vctrs","C:/Users/michael.rustell/Documents/R/R-3.5.1/library","0.1.0",NA,"R (>= 3.1)","backports, digest, glue, rlang, zeallot",NA,"covr, generics, knitr, pillar, pkgdown, rmarkdown, testthat,
tibble",NA,"GPL-3",NA,NA,NA,NA,"yes","3.5.3"
"viridis","C:/Users/michael.rustell/Documents/R/R-3.5.1/library","0.5.1",NA,"R (>= 2.10), viridisLite (>= 0.3.0)","stats, ggplot2 (>= 1.0.1), gridExtra",NA,"hexbin (>= 1.27.0), scales, MASS, knitr, dichromat,
colorspace, rasterVis, httr, mapproj, vdiffr, svglite (>=
1.2.0), testthat, covr, rmarkdown, rgdal",NA,"MIT + file LICENSE",NA,NA,NA,NA,"no","3.5.1"
"viridisLite","C:/Users/michael.rustell/Documents/R/R-3.5.1/library","0.3.0",NA,"R (>= 2.10)",NA,NA,"hexbin (>= 1.27.0), ggplot2 (>= 1.0.1), testthat, covr",NA,"MIT + file LICENSE",NA,NA,NA,NA,"no","3.5.1"
"visNetwork","C:/Users/michael.rustell/Documents/R/R-3.5.1/library","2.0.6",NA,"R (>= 3.0)","htmlwidgets, htmltools, jsonlite, magrittr, utils, methods,
grDevices, stats",NA,"knitr, rmarkdown, webshot, igraph, rpart, shiny,
shinyWidgets, colourpicker, sparkline, ggraph, flashClust",NA,"MIT + file LICENSE",NA,NA,NA,NA,"no","3.5.3"
"webshot","C:/Users/michael.rustell/Documents/R/R-3.5.1/library","0.5.1",NA,"R (>= 3.0)","magrittr, jsonlite, callr",NA,"httpuv, knitr, rmarkdown, shiny",NA,"GPL-2",NA,NA,NA,NA,"no","3.5.1"
"wesanderson","C:/Users/michael.rustell/Documents/R/R-3.5.1/library","0.3.6",NA,"R (>= 3.0)",NA,NA,"ggplot2",NA,"MIT + file LICENSE",NA,NA,NA,NA,"no","3.5.1"
"whisker","C:/Users/michael.rustell/Documents/R/R-3.5.1/library","0.3-2",NA,NA,NA,NA,"markdown",NA,"GPL-3",NA,NA,NA,NA,"no","3.5.1"
"withr","C:/Users/michael.rustell/Documents/R/R-3.5.1/library","2.1.2",NA,"R (>= 3.0.2)","stats, graphics, grDevices",NA,"testthat, covr, lattice, DBI, RSQLite, methods, knitr,
rmarkdown",NA,"GPL (>= 2)",NA,NA,NA,NA,"no","3.5.1"
"wmtsa","C:/Users/michael.rustell/Documents/R/R-3.5.1/library","2.0-3",NA,"R (>= 3.0.2)","splus2R (>= 1.2-0), ifultools (>= 2.0-0), MASS, graphics,
methods",NA,NA,NA,"GPL-2",NA,NA,NA,NA,"no","3.5.1"
"xaringan","C:/Users/michael.rustell/Documents/R/R-3.5.1/library","0.9",NA,NA,"htmltools, knitr (>= 1.21), servr (>= 0.13), xfun (>= 0.5),
rmarkdown",NA,"rstudioapi, testit",NA,"MIT + file LICENSE",NA,NA,NA,NA,"no","3.5.3"
"xfun","C:/Users/michael.rustell/Documents/R/R-3.5.1/library","0.6",NA,NA,"tools",NA,"testit, parallel, rstudioapi, tinytex, mime, markdown, knitr,
htmltools, base64enc, remotes, rmarkdown",NA,"MIT + file LICENSE",NA,NA,NA,NA,"no","3.5.3"
"xgboost","C:/Users/michael.rustell/Documents/R/R-3.5.1/library","0.82.1",NA,"R (>= 3.3.0)","Matrix (>= 1.1-0), methods, data.table (>= 1.9.6), magrittr
(>= 1.5), stringi (>= 0.5.2)",NA,"knitr, rmarkdown, ggplot2 (>= 1.0.1), DiagrammeR (>= 0.9.0),
Ckmeans.1d.dp (>= 3.3.1), vcd (>= 1.3), testthat, lintr, igraph
(>= 1.0.1)",NA,"Apache License (== 2.0) | file LICENSE",NA,NA,NA,NA,"yes","3.5.3"
"XLConnect","C:/Users/michael.rustell/Documents/R/R-3.5.1/library","0.2-15",NA,"R (>= 2.10.0), XLConnectJars (== 0.2-15)","methods, rJava",NA,"RUnit, lattice, ggplot2 (>= 0.9.3), zoo",NA,"GPL-3",NA,NA,NA,NA,"no","3.5.3"
"XLConnectJars","C:/Users/michael.rustell/Documents/R/R-3.5.1/library","0.2-15",NA,NA,"rJava",NA,NA,NA,"GPL-3",NA,NA,NA,NA,"no","3.5.3"
"xlsx","C:/Users/michael.rustell/Documents/R/R-3.5.1/library","0.6.1",NA,NA,"rJava, xlsxjars, grDevices, utils",NA,NA,NA,"GPL-3",NA,NA,NA,NA,"no","3.5.3"
"xlsxjars","C:/Users/michael.rustell/Documents/R/R-3.5.1/library","0.6.1",NA,"rJava",NA,NA,NA,NA,"GPL-3",NA,NA,NA,NA,"no","3.5.0"
"XML","C:/Users/michael.rustell/Documents/R/R-3.5.1/library","3.98-1.19",NA,"R (>= 2.13.0), methods, utils",NA,NA,"bitops, RCurl",NA,"BSD_2_clause + file LICENSE",NA,NA,NA,NA,"yes","3.5.2"
"xml2","C:/Users/michael.rustell/Documents/R/R-3.5.1/library","1.2.0",NA,"R (>= 3.1.0)","Rcpp","Rcpp (>= 0.12.12)","testthat, curl, covr, knitr, rmarkdown, magrittr, httr",NA,"GPL (>= 2)",NA,NA,NA,NA,"yes","3.5.1"
"xopen","C:/Users/michael.rustell/Documents/R/R-3.5.1/library","1.0.0",NA,"R (>= 3.1)","processx",NA,"ps, testthat",NA,"MIT + file LICENSE",NA,NA,NA,NA,"no","3.5.1"
"xtable","C:/Users/michael.rustell/Documents/R/R-3.5.1/library","1.8-4",NA,"R (>= 2.10.0)","stats, utils",NA,"knitr, plm, zoo, survival",NA,"GPL (>= 2)",NA,NA,NA,NA,"no","3.5.3"
"xts","C:/Users/michael.rustell/Documents/R/R-3.5.1/library","0.11-2",NA,"zoo (>= 1.7-12)","methods","zoo","timeSeries, timeDate, tseries, chron, fts, tis, RUnit",NA,"GPL (>= 2)",NA,NA,NA,NA,"yes","3.5.1"
"yaml","C:/Users/michael.rustell/Documents/R/R-3.5.1/library","2.2.0",NA,NA,NA,NA,"RUnit",NA,"BSD_3_clause + file LICENSE",NA,NA,NA,NA,"yes","3.5.1"
"yardstick","C:/Users/michael.rustell/Documents/R/R-3.5.1/library","0.0.3",NA,"R (>= 2.10)","dplyr, utils, pROC, rlang, tidyselect, Rcpp, generics","Rcpp","testthat, covr, purrr, tidyr, ggplot2, knitr, kableExtra,
rmarkdown",NA,"GPL-2",NA,NA,NA,NA,"yes","3.5.3"
"zeallot","C:/Users/michael.rustell/Documents/R/R-3.5.1/library","0.1.0",NA,NA,NA,NA,"testthat, knitr, rmarkdown, purrr, magrittr",NA,"MIT + file LICENSE",NA,NA,NA,NA,"no","3.5.1"
"zoo","C:/Users/michael.rustell/Documents/R/R-3.5.1/library","1.8-5",NA,"R (>= 3.1.0), stats","utils, graphics, grDevices, lattice (>= 0.20-27)",NA,"coda, chron, DAAG, fts, ggplot2, mondate, scales,
strucchange, timeDate, timeSeries, tis, tseries, xts",NA,"GPL-2 | GPL-3",NA,NA,NA,NA,"yes","3.5.3"
